첨부파일_아이디(ID),역명,물류시설일련번호,사진설명,원본파일명,첨부파일명,첨부파일크기,최초등록일시,최종변경일시
1,수색,1,"경의선, 서울특별시 은평구 수색동",수색_싸이로_항공사진.jpg,2011092114500100.jpg,561420,2011-09-01 00:00,2022-06-09 14:35
2,수색,1,"쌍용, 한일, 성신, 신무림제지",수색_싸이로_시설물사진.jpg,2011092114500101.jpg,342067,2011-09-01 00:00,2022-06-09 14:35
3,수색,1,"경의선, 서기(환) 8k. 177",수색_싸이로_배선약도.jpg,2011092114500102.jpg,183669,2011-09-01 00:00,2022-06-09 14:35
4,수색,1,"상세도(한일, 쌍용)",수색_싸이로_배선약도_쌍용한일_상세도.jpg,2011092114500103.jpg,23443,2011-09-01 00:00,2022-06-09 14:35
5,수색,1,"작업장 전경(쌍용, 한일)",수색_싸이로_현장사진_쌍용한일_작업장 전경.jpg,2011092114500104.jpg,14191,2011-09-01 00:00,2022-06-09 14:35
6,수색,1,"작업장 측면(쌍용, 한일)",수색_싸이로_현장사진_쌍용한일_작업장 측면.jpg,2011092114500105.jpg,11813,2011-09-01 00:00,2022-06-09 14:35
7,수색,2,상세도(성신),수색_싸이로_배선약도_성신_상세도.jpg,2011092114520200.jpg,24407,2011-09-01 00:00,2011-09-01 00:00
8,수색,2,작업장 앞면(성신양회),수색_싸이로_현장사진_성신양회_작업장 앞면.jpg,2011092114520201.jpg,15671,2011-09-01 00:00,2011-09-01 00:00
9,수색,2,작업장 뒷면(성신양회),수색_싸이로_현장사진_성신양회_작업장 뒷면.jpg,2011092114520202.jpg,15360,2011-09-01 00:00,2011-09-01 00:00
10,간치,1,"장항선, 충남 보령시 주산면",간치_싸이로_항공사진.jpg,2011092114560100.jpg,410801,2011-09-01 00:00,2016-08-12 18:00
11,간치,1,현대,간치_싸이로_시설물사진.jpg,2011092114560101.jpg,202588,2011-09-01 00:00,2016-08-12 18:00
12,간치,1,"장항선, 천기(환) 105km.400",간치_싸이로_배선약도.jpg,2011092114560102.jpg,118008,2011-09-01 00:00,2016-08-12 18:00
13,간치,1,간치역 구내,간치_싸이로_현장사진_간치역 구내.jpg,2011092114560103.jpg,15630,2011-09-01 00:00,2016-08-12 18:00
14,간치,1,현대시멘트 정문,간치_싸이로_현장사진_현대시멘트 정문.jpg,2011092114560104.jpg,16671,2011-09-01 00:00,2016-08-12 18:00
15,간치,1,역사 반대쪽 (현대시멘트 입구),간치_싸이로_현장사진_역사 반대쪽 (현대시멘트 입구).jpg,2011092114560105.jpg,15940,2011-09-01 00:00,2016-08-12 18:00
16,고모기,1,"청원선, 대구광역시 수성구",고모보수기지_싸이로_항공사진.jpg,2011092116160100.jpg,386423,2011-09-01 00:00,2011-09-01 00:00
17,고모기,1,한일,고모보수기지_싸이로_시설물사진.jpg,2011092116160101.jpg,145624,2011-09-01 00:00,2011-09-01 00:00
18,고모기,1,청원선,고모보수기지_싸이로_배선약도.jpg,2011092116160102.jpg,190382,2011-09-01 00:00,2011-09-01 00:00
19,고모기,1,상세도(한일),고모보수기지_싸이로_배선약도_한일_상세도.jpg,2011092116160103.jpg,147088,2011-09-01 00:00,2011-09-01 00:00
20,고모기,1,한일시멘트선,고모보수기지_싸이로_현장사진_한일_한일시멘트선.jpg,2011092116160104.jpg,34662,2011-09-01 00:00,2011-09-01 00:00
21,고모기,1,한일시멘트 싸이로,고모보수기지_싸이로_현장사진_한일_한일시멘트 싸이로.jpg,2011092116160105.jpg,28635,2011-09-01 00:00,2011-09-01 00:00
22,괴동,1,"한일시멘트선, 경상북도 포항시",괴동_싸이로_항공사진.jpg,2011092116481200.jpg,426223,2011-09-01 00:00,2011-09-01 00:00
23,괴동,1,"가: 한일(10,000*1), 나: 한일(5,000*4)",괴동_싸이로_시설물사진.jpg,2011092116481201.jpg,166060,2011-09-01 00:00,2011-09-01 00:00
24,괴동,1,"한일시멘트선, 효기(환) 3km.860",괴동_싸이로_배선약도.jpg,2011092116481202.jpg,54468,2011-09-01 00:00,2011-09-01 00:00
25,괴동,1,"한일시멘트선(싸이로, 효자~괴동간)",괴동_싸이로_현장사진_한일시멘트선(싸이로).jpg,2011092116481203.jpg,23426,2011-09-01 00:00,2011-09-01 00:00
26,괴동,1,한일시멘트선(효자~괴동간),괴동_싸이로_현장사진_한일시멘트선.jpg,2011092116481204.jpg,24506,2011-09-01 00:00,2011-09-01 00:00
27,극락강,1,"광주선, 광주광역시 광산구",극락강_싸이로_항공사진.jpg,2011092117021200.jpg,347982,2011-09-01 00:00,2011-09-01 00:00
28,극락강,1,동양시멘트,극락강_싸이로_시설물사진_동양시멘트.jpg,2011092117021201.jpg,131102,2011-09-01 00:00,2011-09-01 00:00
29,극락강,1,"광주선, 북송정 기점 4km.500",극락강_싸이로_배선약도.jpg,2011092117021202.jpg,70643,2011-09-01 00:00,2011-09-01 00:00
30,극락강,1,"상세도(동양시멘트, 현대시멘트)",극락강_싸이로_배선약도_상세.jpg,2011092117021203.jpg,90182,2011-09-01 00:00,2011-09-01 00:00
31,극락강,1,동양시멘트 싸이로,극락강_싸이로_현장사진_동양시멘트.jpg,2011092117021204.jpg,18682,2011-09-01 00:00,2011-09-01 00:00
32,극락강,2,현대시멘트 싸이로,극락강_싸이로_현장사진_현대시멘트.jpg,2011092117025200.jpg,16456,2011-09-01 00:00,2011-09-01 00:00
33,남문산,1,"경전선, 경남 진주시 문산읍",남문산_싸이로_항공사진.jpg,2011092117160000.jpg,358022,2011-09-01 00:00,2011-09-01 00:00
34,남문산,1,동양,남문산_싸이로_시설물사진.jpg,2011092117160001.jpg,158260,2011-09-01 00:00,2011-09-01 00:00
35,남문산,1,"경전선, 삼기(환) 91km.520",남문산_싸이로_배선약도.jpg,2011092117160002.jpg,66748,2011-09-01 00:00,2011-09-01 00:00
36,남문산,1,동양시멘트 전경,남문산_싸이로_동양시멘트 전경.jpg,2011092117160003.jpg,24095,2011-09-01 00:00,2011-09-01 00:00
37,남문산,1,동양시멘트,남문산_싸이로_동양시멘트.jpg,2011092117160004.jpg,19391,2011-09-01 00:00,2011-09-01 00:00
38,대전조,1,"경부선, 대전광역시 대덕구",대전조차장역_싸이로_항공사진.jpg,2011092117320000.jpg,522843,2011-09-01 00:00,2016-08-12 17:46
39,대전조,1,동양시멘트,대전조차장역_싸이로_시설물사진.jpg,2011092117320001.jpg,218104,2011-09-01 00:00,2016-08-12 17:46
40,대전조,1,"경부선, 서기(환) 162k.239",대전조차장역_싸이로_배선약도.jpg,2011092117320002.jpg,233078,2011-09-01 00:00,2016-08-12 17:46
41,대전조,1,동양시멘트,대전조차장역_싸이로_현장사진_동양시멘트_1.jpg,2011092117320003.jpg,32215,2011-09-01 00:00,2016-08-12 17:46
42,대전조,1,동양시멘트,대전조차장역_싸이로_현장사진_동양시멘트_2.jpg,2011092117320004.jpg,24360,2011-09-01 00:00,2016-08-12 17:46
43,대전조,1,동양시멘트,대전조차장역_싸이로_현장사진_동양시멘트_3.jpg,2011092117320005.jpg,21328,2011-09-01 00:00,2016-08-12 17:46
44,덕소,1,"중앙선, 경기도 남양주시",덕소_싸이로_항공사진.jpg,2011092118040100.jpg,367703,2011-09-01 00:00,2011-09-01 00:00
45,덕소,1,아세아,덕소_싸이로_시설물사진.jpg,2011092118040101.jpg,170929,2011-09-01 00:00,2011-09-01 00:00
46,덕소,1,"중앙선, 량기(환) 17km.200",덕소_싸이로_배선약도.jpg,2011092118040102.jpg,97692,2011-09-01 00:00,2011-09-01 00:00
47,덕소,1,양회 싸이로,덕소_싸이로_현장사진_양회 싸이로_1.jpg,2011092118040103.jpg,26568,2011-09-01 00:00,2011-09-01 00:00
48,덕소,1,양회 싸이로,덕소_싸이로_현장사진_양회 싸이로_2.jpg,2011092118040104.jpg,24420,2011-09-01 00:00,2011-09-01 00:00
49,덕소,1,양회 싸이로,덕소_싸이로_현장사진_양회 싸이로_3.jpg,2011092118040105.jpg,28837,2011-09-01 00:00,2011-09-01 00:00
50,덕소,1,양회 싸이로,덕소_싸이로_현장사진_양회 싸이로_4.jpg,2011092118040106.jpg,17570,2011-09-01 00:00,2011-09-01 00:00
51,도안,1,"충북선, 충북 증평군",도안_싸이로_항공사진.jpg,2011092119124700.jpg,372214,2011-09-01 00:00,2016-08-12 17:54
52,도안,1,동양,도안_싸이로_시설물사진.jpg,2011092119124701.jpg,144040,2011-09-01 00:00,2016-08-12 17:54
53,도안,1,"충북선, 량기(환) 230km.379",도안_싸이로_배선약도.jpg,2011092119124702.jpg,119764,2011-09-01 00:00,2016-08-12 17:54
54,도안,1,양회 싸이로,도안_싸이로_현장사진_양회싸이로_1.jpg,2011092119124703.jpg,18890,2011-09-01 00:00,2016-08-12 17:54
55,도안,1,양회 싸이로,도안_싸이로_현장사진_양회싸이로_2.jpg,2011092119124704.jpg,14478,2011-09-01 00:00,2016-08-12 17:54
56,도안,1,양회 싸이로,도안_싸이로_현장사진_양회싸이로_3.jpg,2011092119124705.jpg,34153,2011-09-01 00:00,2016-08-12 17:54
57,도안,1,양회 싸이로,도안_싸이로_현장사진_양회싸이로_4.jpg,2011092119124706.jpg,19083,2011-09-01 00:00,2016-08-12 17:54
58,무릉,1,"중앙선, 경상북도 안동시",무릉_싸이로_항공사진.jpg,2011092119450600.jpg,407373,2011-09-01 00:00,2017-02-13 17:21
59,무릉,1,성신,무릉_싸이로_시설물사진.jpg,2011092119450601.jpg,150068,2011-09-01 00:00,2017-02-13 17:21
60,무릉,1,"중앙선, 량기(환) 262km.861",무릉_싸이로_배선약도.jpg,2011092119450602.jpg,103623,2011-09-01 00:00,2017-02-13 17:21
61,무릉,1,양회 싸이로 정면,무릉_싸이로_현장사진_양회싸이로_1.jpg,2011092119450603.jpg,16727,2011-09-01 00:00,2017-02-13 17:21
62,무릉,1,양회 싸이로 확대,무릉_싸이로_현장사진_양회싸이로_2.jpg,2011092119450604.jpg,15984,2011-09-01 00:00,2017-02-13 17:21
63,무릉,1,양회 싸이로,무릉_싸이로_현장사진_양회싸이로_3.jpg,2011092119450605.jpg,14491,2011-09-01 00:00,2017-02-13 17:21
64,무릉,1,양회 싸이로,무릉_싸이로_현장사진_양회싸이로_4.jpg,2011092119450606.jpg,21153,2011-09-01 00:00,2017-02-13 17:21
65,부용,1,"호남선, 전라북도 김제시",부용_싸이로_항공사진.jpg,2011092120041500.jpg,351481,2011-09-01 00:00,2011-09-01 00:00
66,부용,1,동양,부용_싸이로_시설물사진.jpg,2011092120041501.jpg,198500,2011-09-01 00:00,2011-09-01 00:00
67,부용,1,대기(환) 95.3 km,부용_싸이로_배선약도.jpg,2011092120041502.jpg,95367,2011-09-01 00:00,2011-09-01 00:00
68,부용,1,동양시멘트 선로측(호남선),부용_싸이로_현장사진_동양시멘트_선로측(호남선).jpg,2011092120041503.jpg,24642,2011-09-01 00:00,2011-09-01 00:00
69,부용,1,동양시멘트 정면,부용_싸이로_현장사진_동양시멘트_전면.jpg,2011092120041504.jpg,23077,2011-09-01 00:00,2011-09-01 00:00
70,부용,1,동양시멘트 공장내,부용_싸이로_현장사진_동양시멘트_공장내.jpg,2011092120041505.jpg,22907,2011-09-01 00:00,2011-09-01 00:00
71,부용,1,동양시멘트 싸이로,부용_싸이로_현장사진_동양시멘트_싸이로.jpg,2011092120041506.jpg,22260,2011-09-01 00:00,2011-09-01 00:00
72,수원,1,"경부선, 경기도 수원시",수원_싸이로_항공사진.jpg,2011092120220400.jpg,382710,2011-09-01 00:00,2011-09-01 00:00
73,수원,1,아세아,수원_싸이로_시설물사진_아세아.jpg,2011092120220401.jpg,145759,2011-09-01 00:00,2011-09-01 00:00
74,수원,1,"경부선, 서기(환) 41k.489",수원_싸이로_배선약도.jpg,2011092120220402.jpg,136185,2011-09-01 00:00,2011-09-01 00:00
75,수원,1,상세도(아세아),수원_싸이로_배선약도_아세아_상세도.jpg,2011092120220403.jpg,68581,2011-09-01 00:00,2011-09-01 00:00
76,수원,1,아세아,수원_싸이로_현장사진_아세아.jpg,2011092120220504.jpg,14566,2011-09-01 00:00,2011-09-01 00:00
77,수원,2,KCC,수원_싸이로_시설물사진_KCC.jpg,2011092120240200.jpg,133303,2011-09-01 00:00,2011-09-01 00:00
78,수원,2,상세도(KCC),수원_싸이로_배선약도_KCC_상세도.jpg,2011092120240201.jpg,45894,2011-09-01 00:00,2011-09-01 00:00
79,수원,2,KCC,수원_싸이로_현장사진_KCC.jpg,2011092120240202.jpg,23749,2011-09-01 00:00,2011-09-01 00:00
80,신녕,1,"중앙선, 경상북도 영천시",신녕_싸이로_항공사진.jpg,2011092614520100.jpg,504858,2011-09-01 00:00,2011-09-01 00:00
81,신녕,1,현대,신녕_싸이로_시설물사진.jpg,2011092614520201.jpg,144109,2011-09-01 00:00,2011-09-01 00:00
82,신녕,1,"중앙선, 량기(환) 327km.697",신녕_싸이로_배선약도.jpg,2011092614520202.jpg,94402,2011-09-01 00:00,2011-09-01 00:00
83,신녕,1,현대시멘트,신녕_싸이로_현장사진_현대시멘트_1.jpg,2011092614520203.jpg,19407,2011-09-01 00:00,2011-09-01 00:00
84,신녕,1,현대시멘트,신녕_싸이로_현장사진_현대시멘트_2.jpg,2011092614520204.jpg,16306,2011-09-01 00:00,2011-09-01 00:00
85,신동,1,"현대시멘트선, 경북 칠곡군 지천면",신동_싸이로_항공사진.jpg,2011092615090100.jpg,476120,2011-09-01 00:00,2016-08-12 10:17
86,신동,1,현대,신동_싸이로_시설물사진.jpg,2011092615090101.jpg,151491,2011-09-01 00:00,2016-08-12 10:17
87,신동,1,"현대시멘트선, 서기(환) 306km.659",신동_싸이로_배선약도.jpg,2011092615090102.jpg,91892,2011-09-01 00:00,2016-08-12 10:17
88,신동,1,상세도(신동현대시멘트전용선),신동_싸이로_배선약도_현대시멘트_상세도.jpg,2011092615090103.jpg,64289,2011-09-01 00:00,2016-08-12 10:17
89,신동,1,"현대시멘트 10,000톤 싸이로","신동_싸이로_현장사진_현대시멘트 10,000톤 싸이로.jpg",2011092615090104.jpg,14461,2011-09-01 00:00,2016-08-12 10:17
90,신동,1,현대시멘트선,신동_싸이로_현장사진_현대시멘트선.jpg,2011092615090105.jpg,19692,2011-09-01 00:00,2016-08-12 10:17
91,신성,1,"장항선, 충남 홍성읍",신성_싸이로_항공사진.jpg,2011092615220200.jpg,372820,2011-09-01 00:00,2016-08-12 17:57
92,신성,1,아세아,신성_싸이로_시설물사진.jpg,2011092615220201.jpg,164720,2011-09-01 00:00,2016-08-12 17:57
93,신성,1,"장항선, 천기(환) 59km.699",신성_싸이로_배선약도.jpg,2011092615220202.jpg,106883,2011-09-01 00:00,2016-08-12 17:57
94,신성,1,신성역 ⇒ 아세아시멘트 전용선 진입,신성_싸이로_현장사진_신성역 ⇒ 아세아시멘트 전용선 진입.jpg,2011092615220203.jpg,24259,2011-09-01 00:00,2016-08-12 17:57
95,신성,1,아세아시멘트 작업선(전용선 내),신성_싸이로_현장사진_아세아시멘트 작업선(전용선 내).jpg,2011092615220204.jpg,21303,2011-09-01 00:00,2016-08-12 17:57
96,신성,1,아세아시멘트 작업장소(전용선 내),신성_싸이로_현장사진_아세아시멘트 작업장소(전용선 내)_1.jpg,2011092615220205.jpg,31049,2011-09-01 00:00,2016-08-12 17:57
97,신성,1,아세아시멘트 작업장소(전용선 내),신성_싸이로_현장사진_아세아시멘트 작업장소(전용선 내)_2.jpg,2011092615220206.jpg,29961,2011-09-01 00:00,2016-08-12 17:57
98,신탄진,1,"정비창 선, 대전광역시 대덕구",신탄진_싸이로_항공사진.jpg,2011092615450700.jpg,424941,2011-09-01 00:00,2016-08-12 17:26
99,신탄진,1,아세아시멘트,신탄진_싸이로_시설물사진_아세아시멘트.jpg,2011092615450701.jpg,139838,2011-09-01 00:00,2016-08-12 17:26
100,신탄진,1,정비창 선,신탄진_싸이로_배선약도.jpg,2011092615450702.jpg,191976,2011-09-01 00:00,2016-08-12 17:26
101,신탄진,1,아시아시멘트 작업선,신탄진_싸이로_현장사진_아시아시멘트 작업선.jpg,2011092615450703.jpg,27377,2011-09-01 00:00,2016-08-12 17:26
102,신탄진,1,아시아시멘트,신탄진_싸이로_현장사진_아시아시멘트.jpg,2011092615450704.jpg,22103,2011-09-01 00:00,2016-08-12 17:26
103,신탄진,3,현대시멘트,신탄진_싸이로_시설물사진_현대시멘트.jpg,2011092615464800.jpg,122387,2011-09-01 00:00,2016-08-12 17:26
104,신탄진,3,현대시멘트,신탄진_싸이로_현장사진_현대시멘트.jpg,2011092615464801.jpg,17201,2011-09-01 00:00,2016-08-12 17:26
105,신탄진,3,현대시멘트 작업선,신탄진_싸이로_현장사진_현대시멘트 작업선.jpg,2011092615464802.jpg,19257,2011-09-01 00:00,2016-08-12 17:26
106,연무대,1,"연무대 훈련소선, 충남 논산시",연무대_싸이로_항공사진.jpg,2011092615552800.jpg,380042,2011-09-01 00:00,2016-08-12 18:01
107,연무대,1,성신양회,연무대_싸이로_시설물사진.jpg,2011092615552801.jpg,178030,2011-09-01 00:00,2016-08-12 18:01
108,연무대,1,"연무대 훈련소선, 채기(환) 6km.120",연무대_싸이로_배선약도.jpg,2011092615552802.jpg,70080,2011-09-01 00:00,2016-08-12 18:01
109,연무대,1,양회싸이로 정면,연무대_싸이로_현장사진_양회싸이로 정면.jpg,2011092615552803.jpg,17305,2011-09-01 00:00,2016-08-12 18:01
110,연무대,1,양회싸이로 선로쪽면,연무대_싸이로_현장사진_양회싸이로 선로쪽면.jpg,2011092615552804.jpg,22577,2011-09-01 00:00,2016-08-12 18:01
111,연무대,1,양회싸이로 선로쪽정면,연무대_싸이로_현장사진_양회싸이로 선로쪽정면.jpg,2011092615552805.jpg,28358,2011-09-01 00:00,2016-08-12 18:01
112,오류동,1,서울특별시 구로구,오류동_싸이로_항공사진.jpg,2011101413420200.jpg,414718,2011-09-01 00:00,2011-09-01 00:00
113,오류동,1,한일시멘트,오류동_싸이로_시설물사진.jpg,2011101413420201.jpg,153344,2011-09-01 00:00,2011-09-01 00:00
114,오류동,1,구기 2km.900,오류동_싸이로_배선약도.jpg,2011101413420202.jpg,119362,2011-09-01 00:00,2011-09-01 00:00
115,오류동,1,상세도(한일시멘트),오류동_싸이로_배선약도_한일_상세도.jpg,2011101413420203.jpg,72640,2011-09-01 00:00,2011-09-01 00:00
116,오류동,1,싸이로 내부,오류동_싸이로_현장사진_싸이로 내부.jpg,2011101413420204.jpg,82305,2011-09-01 00:00,2011-09-01 00:00
117,오류동,1,싸이로 앞 전경,오류동_싸이로_현장사진_싸이로 앞 전경.jpg,2011101413420205.jpg,79116,2011-09-01 00:00,2011-09-01 00:00
118,오류동,1,싸이로 뒤 전경,오류동_싸이로_현장사진_싸이로 뒤 전경.jpg,2011101413420206.jpg,77496,2011-09-01 00:00,2011-09-01 00:00
119,오류동,1,한일시멘트 싸이로 뒤 주차장,오류동_싸이로_현장사진_한일시멘트 싸이로 뒤 주차장.jpg,2011101413420207.jpg,87589,2011-09-01 00:00,2011-09-01 00:00
120,오송,1,충청북도 청원군 강외면,오송_싸이로_항공사진.jpg,2011101413540200.jpg,400776,2011-09-01 00:00,2011-09-01 00:00
121,오송,1,한일,오송_싸이로_시설물사진.jpg,2011101413540201.jpg,234427,2011-09-01 00:00,2011-09-01 00:00
122,오송,1,조기(환) 4km.397,오송_싸이로_배선약도.jpg,2011101413540202.jpg,117909,2011-09-01 00:00,2011-09-01 00:00
123,오송,1,상세도(한일시멘트),오송_싸이로_배선약도_한일_상세도.jpg,2011101413540203.jpg,80367,2011-09-01 00:00,2011-09-01 00:00
124,오송,1,한일시멘트 앞쪽 전경,오송_싸이로_현장사진_한일시멘트 앞쪽 전경.jpg,2011101413540204.jpg,19068,2011-09-01 00:00,2011-09-01 00:00
125,오송,1,한일시멘트 좌측 전경,오송_싸이로_현장사진_한일시멘트 좌측 전경.jpg,2011101413540205.jpg,17247,2011-09-01 00:00,2011-09-01 00:00
126,오송,1,한일시멘트 우측 전경,오송_싸이로_현장사진_한일시멘트 우측 전경.jpg,2011101413540206.jpg,15302,2011-09-01 00:00,2011-09-01 00:00
127,오송,1,한일시멘트 뒷쪽 전경,오송_싸이로_현장사진_한일시멘트 뒷쪽 전경.jpg,2011101413540207.jpg,18824,2011-09-01 00:00,2011-09-01 00:00
128,음성,1,충청북도 음성군 음성읍,음성_싸이로_항공사진.jpg,2011101414040200.jpg,380275,2011-09-01 00:00,2016-08-12 17:55
129,음성,1,한라,음성_싸이로_시설물사진.jpg,2011101414040201.jpg,149434,2011-09-01 00:00,2016-08-12 17:55
130,음성,1,조기(환) 59k.600,음성_싸이로_배선약도.jpg,2011101414040202.jpg,111362,2011-09-01 00:00,2016-08-12 17:55
131,음성,1,라파즈한라 북쪽 전경,음성_싸이로_현장사진_라파즈한라 북쪽 전경.jpg,2011101414040203.jpg,26137,2011-09-01 00:00,2016-08-12 17:55
132,음성,1,라파즈한라 서쪽 전경,음성_싸이로_현장사진_라파즈한라 서쪽 전경.jpg,2011101414040204.jpg,18172,2011-09-01 00:00,2016-08-12 17:55
133,음성,1,라파즈한라 동쪽 전경,음성_싸이로_현장사진_라파즈한라 동쪽 전경.jpg,2011101414040205.jpg,14410,2011-09-01 00:00,2016-08-12 17:55
134,음성,1,라파즈한라 남쪽 전경,음성_싸이로_현장사진_라파즈한라 남쪽 전경.jpg,2011101414040206.jpg,19666,2011-09-01 00:00,2016-08-12 17:55
135,장성,1,전라남도 장성군,장성_싸이로_항공사진.jpg,2011101414100700.jpg,443166,2011-09-01 00:00,2011-09-01 00:00
136,장성,1,고려,장성_싸이로_시설물사진.jpg,2011101414100701.jpg,179855,2011-09-01 00:00,2011-09-01 00:00
137,장성,1,대기(환)  163km.766,장성_싸이로_배선약도.jpg,2011101414100702.jpg,109484,2011-09-01 00:00,2011-09-01 00:00
138,장성,1,고려 시멘트,장성_싸이로_현장사진_고려시멘트.jpg,2011101414100703.jpg,27720,2011-09-01 00:00,2011-09-01 00:00
139,주평,1,경북 문경시 신기동,주평_싸이로_항공사진.jpg,2011101414200700.jpg,460629,2011-09-01 00:00,2011-09-01 00:00
140,주평,1,쌍용,주평_싸이로_시설물사진.jpg,2011101414200701.jpg,232782,2011-09-01 00:00,2011-09-01 00:00
141,주평,1,점기(환) 7km.096,주평_싸이로_배선약도.jpg,2011101414200702.jpg,75022,2011-09-01 00:00,2011-09-01 00:00
142,주평,1,문경시멘트공장청원선,주평_싸이로_배선약도_문경시멘트공장청원선.jpg,2011101414200703.jpg,69286,2011-09-01 00:00,2011-09-01 00:00
143,주평,1,쌍용시멘트 전용선,주평_싸이로_현장사진_쌍용시멘트 전용선.jpg,2011101414200704.jpg,25050,2011-09-01 00:00,2011-09-01 00:00
144,주평,1,쌍용 5000톤 싸이로,주평_싸이로_현장사진_쌍용 5000톤 싸이로.jpg,2011101414200705.jpg,19491,2011-09-01 00:00,2011-09-01 00:00
145,주평,2,쌍용 3000톤 싸이로,주평_싸이로_현장사진_쌍용 3000톤 싸이로.jpg,2011101414203800.jpg,21164,2011-09-01 00:00,2011-09-01 00:00
146,주평,3,쌍용 500톤 싸이로,주평_싸이로_현장사진_쌍용 500톤 싸이로.jpg,2011101414210500.jpg,12230,2011-09-01 00:00,2011-09-01 00:00
147,초성리,1,경기 연천군,초성리_싸이로_항공사진.jpg,2011101414310300.jpg,332929,2011-09-01 00:00,2024-02-26 10:21
148,초성리,1,한라,초성리_싸이로_시설물사진.jpg,2011101414310301.jpg,167250,2011-09-01 00:00,2024-02-26 10:21
149,초성리,1,용기(환) 59km.675,초성리_싸이로_배선약도.jpg,2011101414310302.jpg,94018,2011-09-01 00:00,2024-02-26 10:21
150,초성리,1,상세도,초성리_싸이로_배선약도_상세도.jpg,2011101414310303.jpg,44915,2011-09-01 00:00,2024-02-26 10:21
151,초성리,1,역구내 전경(북쪽 방면),초성리_싸이로_현장사진_역구내 전경(북쪽 방면).jpg,2011101414310304.jpg,17094,2011-09-01 00:00,2024-02-26 10:21
152,초성리,1,역구내 전경(남쪽 방면),초성리_싸이로_현장사진_역구내 전경(남쪽 방면).jpg,2011101414310305.jpg,23994,2011-09-01 00:00,2024-02-26 10:21
153,초성리,1,물류시설(또는 장비) 전경,초성리_싸이로_현장사진_물류시설(또는 장비) 전경_1.jpg,2011101414310306.jpg,24438,2011-09-01 00:00,2024-02-26 10:21
154,초성리,1,물류시설(또는 장비) 전경,초성리_싸이로_현장사진_물류시설(또는 장비) 전경_2.jpg,2011101414310307.jpg,24751,2011-09-01 00:00,2024-02-26 10:21
155,팔당,1,경기도 남양주시,팔당_싸이로_항공사진.jpg,2011101414390200.jpg,329676,2011-09-01 00:00,2011-09-01 00:00
156,팔당,1,쌍용,팔당_싸이로_시설물사진.jpg,2011101414390201.jpg,173676,2011-09-01 00:00,2011-09-01 00:00
157,팔당,1,량기(환) 22k.850,팔당_싸이로_배선약도.jpg,2011101414390202.jpg,70481,2011-09-01 00:00,2011-09-01 00:00
158,팔당,1,상세도(쌍용),팔당_싸이로_배선약도_쌍용_상세도.jpg,2011101414390203.jpg,82613,2011-09-01 00:00,2011-09-01 00:00
159,팔당,1,팔당역 방향에서 본 쌍용양회 싸이로,팔당_싸이로_현장사진_팔당역 방향에서 본 쌍용양회 싸이로.jpg,2011101414390204.jpg,26519,2011-09-01 00:00,2011-09-01 00:00
160,팔당,1,쌍용양회 작업장,팔당_싸이로_현장사진_쌍용양회 작업장.jpg,2011101414390205.jpg,18949,2011-09-01 00:00,2011-09-01 00:00
161,평은,1,경상북도 영주시,평은_싸이로_항공사진.jpg,2011101414480200.jpg,346274,2011-09-01 00:00,2011-09-01 00:00
162,평은,1,한일,평은_싸이로_시설물사진.jpg,2011101414480201.jpg,163123,2011-09-01 00:00,2011-09-01 00:00
163,평은,1,량기(환) 230km.379,평은_싸이로_배선약도.jpg,2011101414480202.jpg,113371,2011-09-01 00:00,2011-09-01 00:00
164,평은,1,싸이로 정면사진,평은_싸이로_현장사진_싸이로 정면사진.jpg,2011101414480203.jpg,15224,2011-09-01 00:00,2011-09-01 00:00
165,평은,1,51호 방면에서 촬영,평은_싸이로_현장사진_51호 방면에서 촬영.jpg,2011101414480204.jpg,23671,2011-09-01 00:00,2011-09-01 00:00
166,평은,1,도착양회 하화 장면,평은_싸이로_현장사진_도착양회 하화 장면.jpg,2011101414480205.jpg,22097,2011-09-01 00:00,2011-09-01 00:00
167,평은,1,역사에서 본 싸이로,평은_싸이로_현장사진_역사에서 본 싸이로.jpg,2011101414480206.jpg,23677,2011-09-01 00:00,2011-09-01 00:00
168,한림정,1,경남 김해시 한림면,한림정_싸이로_항공사진.jpg,2011101415310200.jpg,371678,2011-09-01 00:00,2023-10-19 16:50
169,한림정,1,"가: 현대, 나: 현대, 다: 성신",한림정_싸이로_시설물사진.jpg,2011101415310201.jpg,189071,2011-09-01 00:00,2023-10-19 16:50
170,한림정,1,삼기(환) 9km.928,한림정_싸이로_배선약도.jpg,2011101415310202.jpg,80170,2011-09-01 00:00,2023-10-19 16:50
171,한림정,1,"현대싸이로(5,000톤(앞),3,000톤(뒤)","한림정_싸이로_현장사진_현대싸이로(5,000톤(앞),3,000톤(뒤).jpg",2011101415310203.jpg,17119,2011-09-01 00:00,2023-10-19 16:50
172,한림정,1,현대싸이로,한림정_싸이로_현장사진_현대싸이로.jpg,2011101415310204.jpg,27311,2011-09-01 00:00,2023-10-19 16:50
173,한림정,3,"성신양회(5,000톤)","한림정_싸이로_현장사진_성신양회(5,000톤).jpg",2011101415320100.jpg,22853,2011-09-01 00:00,2011-09-01 00:00
174,한림정,3,성신양회,한림정_싸이로_현장사진_성신양회.jpg,2011101415320101.jpg,20693,2011-09-01 00:00,2011-09-01 00:00
175,흑석리,1,대전광역시 서구,흑석리_싸이로_항공사진.jpg,2011101415530200.jpg,509637,2011-09-01 00:00,2016-08-12 17:48
176,흑석리,1,한일,흑석리_싸이로_시설물사진.jpg,2011101415530201.jpg,205857,2011-09-01 00:00,2016-08-12 17:48
177,흑석리,1,서기(환) 178km.900,흑석리_싸이로_배선약도.jpg,2011101415530202.jpg,110725,2011-09-01 00:00,2016-08-12 17:48
178,흑석리,1,양회 싸이로 (한일),흑석리_싸이로_현장사진_양회 싸이로 (한일)_1.jpg,2011101415530203.jpg,21844,2011-09-01 00:00,2016-08-12 17:48
179,흑석리,1,양회 싸이로 (한일),흑석리_싸이로_현장사진_양회 싸이로 (한일)_2.jpg,2011101415530204.jpg,21483,2011-09-01 00:00,2016-08-12 17:48
180,흑석리,1,양회 싸이로 (한일),흑석리_싸이로_현장사진_양회 싸이로 (한일)_3.jpg,2011101415530205.jpg,20320,2011-09-01 00:00,2016-08-12 17:48
181,흑석리,1,양회 싸이로 (한일),흑석리_싸이로_현장사진_양회 싸이로 (한일)_4.jpg,2011101415530206.jpg,30372,2011-09-01 00:00,2016-08-12 17:48
182,성북,1,서울 노원구 월계동,성북_싸이로_항공사진.jpg,2011101416080200.jpg,495994,2011-09-01 00:00,2011-09-01 00:00
183,성북,1,"가: 현대(7500*2), 나: 동양(7500*2)",성북_싸이로_시설물사진.jpg,2011101416080201.jpg,168472,2011-09-01 00:00,2011-09-01 00:00
184,성북,1,용기(환) 18k.187,성북_싸이로_배선약도.jpg,2011101416080202.jpg,204565,2011-09-01 00:00,2011-09-01 00:00
185,성북,1,상세도,성북_싸이로_배선약도_상세도.jpg,2011101416080203.jpg,70074,2011-09-01 00:00,2011-09-01 00:00
186,성북,1,역구내 전경(북쪽 방면),성북_싸이로_현장사진_역구내 전경(북쪽 방면).jpg,2011101416080204.jpg,32284,2011-09-01 00:00,2011-09-01 00:00
187,성북,1,역구내 전경(남쪽 방면),성북_싸이로_현장사진_역구내 전경(북쪽 방면).jpg,2011101416080205.jpg,32284,2011-09-01 00:00,2011-09-01 00:00
188,성북,1,"현대, 동양싸이로 전경","성북_싸이로_현장사진_현대, 동양싸이로 전경.jpg",2011101416080206.jpg,20973,2011-09-01 00:00,2011-09-01 00:00
189,성북,1,"현대자동차, 한솔 전경","성북_싸이로_현장사진_현대자동차, 한솔 전경.jpg",2011101416080207.jpg,30159,2011-09-01 00:00,2011-09-01 00:00
190,가야,1,부산광역시 부산진구,가야_철도CY_항공사진.jpg,2011101417191500.jpg,532524,2011-09-01 00:00,2016-08-05 17:42
191,가야,1,"한솔CSN, 대한통운",가야_철도CY_시설물사진.jpg,2011101417191501.jpg,113857,2011-09-01 00:00,2016-08-05 17:42
192,가야,1,범일(기) 3km.200,가야_철도CY_배선약도.jpg,2011101417191502.jpg,208909,2011-09-01 00:00,2016-08-05 17:42
193,가야,1,(구)가야CY,가야_철도CY_현장사진_(구)가야CY.jpg,2011101417191503.jpg,20601,2011-09-01 00:00,2016-08-05 17:42
194,가야,1,하치장(양회),가야_철도CY_현장사진_하치장(양회).jpg,2011101417191504.jpg,21141,2011-09-01 00:00,2016-08-05 17:42
195,가야,1,고려차량,가야_철도CY_현장사진_고려차량.jpg,2011101417191505.jpg,20439,2011-09-01 00:00,2016-08-05 17:42
196,강릉,1,강원도 강릉시,강릉_철도CY_항공사진.jpg,2011101417345900.jpg,378526,2011-09-01 00:00,2016-08-09 10:39
197,강릉,1,코레일로지스,강릉_철도CY_시설물사진.jpg,2011101417345901.jpg,170869,2011-09-01 00:00,2016-08-09 10:39
198,강릉,1,영기(환) 193k.586,강릉_철도CY_배선약도.jpg,2011101417345902.jpg,132244,2011-09-01 00:00,2016-08-09 10:39
199,강릉,1,상세도,강릉_철도CY_배선약도_상세도.jpg,2011101417345903.jpg,78826,2011-09-01 00:00,2016-08-09 10:39
444,김천,1,,저탄장.jpg,2012011115491700.jpg,14073,2012-01-11 15:49,2016-08-10 13:11
200,강릉,1,컨테이너 하치장 입구(남부),강릉_철도CY_현장사진_컨테이너 하치장 입구(남부).jpg,2011101417345904.jpg,20770,2011-09-01 00:00,2016-08-09 10:39
201,강릉,1,강릉역 화물선 컨테이너 하치장 북부 진입선,강릉_철도CY_현장사진_강릉역 화물선 컨테이너 하치장 북부 진입선.jpg,2011101417345905.jpg,25877,2011-09-01 00:00,2016-08-09 10:39
202,강릉,1,홈측에서 컨테이너 하치장 쪽,강릉_철도CY_현장사진_홈측에서 컨테이너 하치장 쪽.jpg,2011101417345906.jpg,29205,2011-09-01 00:00,2016-08-09 10:39
203,강릉,1,구.화물상옥에서 컨테이너하치장쪽,강릉_철도CY_현장사진_구.화물상옥에서 컨테이너하치장쪽.jpg,2011101417345907.jpg,22603,2011-09-01 00:00,2016-08-09 10:39
204,광양항,1,전라남도 광양시,광양항_철도CY_항공사진.jpg,2011101417440000.jpg,374780,2011-09-01 00:00,2016-08-23 18:42
205,광양항,1,여수 해양항만청,광양항_철도CY_시설물사진.jpg,2011101417440001.jpg,175021,2011-09-01 00:00,2016-08-23 18:42
206,광양항,1,황길기점 2km.7,광양항_철도CY_배선약도.jpg,2011101417440002.jpg,89700,2011-09-01 00:00,2016-08-23 18:42
207,광양항,1,광양항역에서 황길방향으로..,광양항_철도CY_현장사진_광양항역에서 황길방향으로...jpg,2011101417440003.jpg,22289,2011-09-01 00:00,2016-08-23 18:42
208,광양항,1,컨테이너 너머로 보이는 장소(오른쪽),광양항_철도CY_현장사진_컨테이너 너머로 보이는 장소(오른쪽).jpg,2011101417440004.jpg,23361,2011-09-01 00:00,2016-08-23 18:42
209,광양항,1,광양항 정문에서 황길역 쪽으로,광양항_철도CY_현장사진_광양항 정문에서 황길역 쪽으로_1.jpg,2011101417440005.jpg,23409,2011-09-01 00:00,2016-08-23 18:42
210,광양항,1,광양항 정문에서 황길역 쪽으로,광양항_철도CY_현장사진_광양항 정문에서 황길역 쪽으로_2.jpg,2011101417440006.jpg,25689,2011-09-01 00:00,2016-08-23 18:42
211,신군산,1,전라북도 군산시,군산_철도CY_항공사진.jpg,2011101417520000.jpg,307345,2011-09-01 00:00,2016-08-08 10:41
212,신군산,1,시설공단,군산_철도CY_시설물사진.jpg,2011101417520001.jpg,178136,2011-09-01 00:00,2016-08-08 10:41
213,신군산,1,천기(현) 142km.529,군산_철도CY_배선약도.jpg,2011101417520002.jpg,106292,2011-09-01 00:00,2016-08-08 10:41
214,신군산,1,국보,군산_철도CY_현장사진_국보_1.jpg,2011101417520003.jpg,19366,2011-09-01 00:00,2016-08-08 10:41
215,신군산,1,국보,군산_철도CY_현장사진_국보_2.jpg,2011101417520004.jpg,16198,2011-09-01 00:00,2016-08-08 10:41
216,신군산,1,코레일로지스,군산_철도CY_현장사진_코레일로지스_1.jpg,2011101417520005.jpg,20845,2011-09-01 00:00,2016-08-08 10:41
217,신군산,1,코레일로지스,군산_철도CY_현장사진_코레일로지스_2.jpg,2011101417520006.jpg,15271,2011-09-01 00:00,2016-08-08 10:41
218,동산,1,전라북도 전주시,동산_철도CY_항공사진.jpg,2011101418003000.jpg,429229,2011-09-01 00:00,2013-10-15 14:25
219,동산,1,세방,동산_철도CY_시설물사진.jpg,2011101418003001.jpg,171986,2011-09-01 00:00,2013-10-15 14:25
220,동산,1,익기(환) 17km.350,동산_철도CY_배선약도.jpg,2011101418003002.jpg,104021,2011-09-01 00:00,2013-10-15 14:25
221,동산,1,세방 CY (정문),동산_철도CY_현장사진_세방 CY (정문).jpg,2011101418003003.jpg,18698,2011-09-01 00:00,2013-10-15 14:25
222,동산,1,세방 CY (우측에서 본 전경),동산_철도CY_현장사진_세방 CY (우측에서 본 전경)_1.jpg,2011101418003004.jpg,13443,2011-09-01 00:00,2013-10-15 14:25
223,동산,1,세방 CY (우측에서 본 전경),동산_철도CY_현장사진_세방 CY (우측에서 본 전경)_2.jpg,2011101418003005.jpg,14415,2011-09-01 00:00,2013-10-15 14:25
224,동산,1,세방 CY (좌측에서 본 전경),동산_철도CY_현장사진_세방 CY (좌측에서 본 전경).jpg,2011101418003006.jpg,15046,2011-09-01 00:00,2013-10-15 14:25
225,동익산,1,전라북도 익산시,동익산_철도CY_항공사진.jpg,2011101419300000.jpg,392159,2011-09-01 00:00,2016-08-08 10:42
226,동익산,1,삼익물류,동익산_철도CY_시설물사진.jpg,2011101419300001.jpg,141531,2011-09-01 00:00,2016-08-08 10:42
227,동익산,1,익기 2km.400,동익산_철도CY_배선약도.jpg,2011101419300002.jpg,93149,2011-09-01 00:00,2016-08-08 10:42
228,동익산,1,삼익물류 CY 좌측,동익산_철도CY_현장사진_삼익물류 CY 좌측.jpg,2011101419300003.jpg,19069,2011-09-01 00:00,2016-08-08 10:42
229,동익산,1,삼익물류 CY 정면,동익산_철도CY_현장사진_삼익물류 CY 정면.jpg,2011101419300004.jpg,20171,2011-09-01 00:00,2016-08-08 10:42
230,동익산,1,삼익물류 CY,동익산_철도CY_현장사진_삼익물류 CY.jpg,2011101419300005.jpg,26998,2011-09-01 00:00,2016-08-08 10:42
231,동익산,1,삼익물류 CY 우측,동익산_철도CY_현장사진_삼익물류 CY 우측.jpg,2011101419300006.jpg,22422,2011-09-01 00:00,2016-08-08 10:42
232,두정,1,충청남도 천안시,두정_철도CY_항공사진.jpg,2011101419380000.jpg,388423,2011-09-01 00:00,2016-08-12 17:49
233,두정,1,천안물류,두정_철도CY_시설물사진.jpg,2011101419380001.jpg,169617,2011-09-01 00:00,2016-08-12 17:49
234,두정,1,서기(환) 94km.140,두정_철도CY_배선약도.jpg,2011101419380002.jpg,109008,2011-09-01 00:00,2016-08-12 17:49
235,두정,1,두정 CY (북쪽),두정_철도CY_현장사진_두정 CY (북쪽).jpg,2011101419380003.jpg,20195,2011-09-01 00:00,2016-08-12 17:49
236,두정,1,두정 CY (남쪽),두정_철도CY_현장사진_두정 CY (남쪽).jpg,2011101419380004.jpg,13576,2011-09-01 00:00,2016-08-12 17:49
237,두정,1,두정 CY 중앙 (천안물류 사옥 및 창고),두정_철도CY_현장사진_두정 CY 중앙 (천안물류 사옥 및 창고).jpg,2011101419380005.jpg,17832,2011-09-01 00:00,2016-08-12 17:49
238,두정,1,두정 CY (직결선 하선),두정_철도CY_현장사진_두정 CY (직결선 하선).jpg,2011101419380006.jpg,20206,2011-09-01 00:00,2016-08-12 17:49
239,부산진,1,부산광역시 동구,부산진_철도CY_항공사진.jpg,2011101419480400.jpg,539670,2011-09-01 00:00,2016-08-29 15:41
240,부산진,1,제1단지,부산진_철도CY_시설물사진_제1단지.jpg,2011101419480401.jpg,172512,2011-09-01 00:00,2016-08-29 15:41
241,부산진,1,서기(환) 439km.900,부산진_철도CY_배선약도.jpg,2011101419480402.jpg,203173,2011-09-01 00:00,2016-08-29 15:41
242,부산진,1,부산진 역사,부산진_철도CY_현장사진_부산진 역사.jpg,2011101419480403.jpg,19715,2011-09-01 00:00,2016-08-29 15:41
243,부산진,1,CY 1단지,부산진_철도CY_현장사진_CY 1단지.jpg,2011101419480404.jpg,29684,2011-09-01 00:00,2016-08-29 15:41
453,신광양,1,,신광양항 CY 전경.jpg,2016082318411200.jpg,12119,2016-08-23 18:41,2016-08-23 18:41
454,신광양,1,,신광양항역사.jpg,2016082318411201.jpg,17084,2016-08-23 18:41,2016-08-23 18:41
246,부산진,3,제3단지,부산진_철도CY_시설물사진_제3단지.jpg,2011101419503700.jpg,182075,2011-09-01 00:00,2016-08-08 17:41
455,신광양,1,,신광양항역 적재작업.jpg,2016082318411202.jpg,14693,2016-08-23 18:41,2016-08-23 18:41
248,삽교,1,충청남도 예산군,삽교_철도CY_항공사진.jpg,2011101419580600.jpg,392241,2011-09-01 00:00,2023-10-18 15:45
249,삽교,1,"삼익, 코레일로지스",삽교_철도CY_시설물사진.jpg,2011101419580601.jpg,142489,2011-09-01 00:00,2023-10-18 15:45
250,삽교,1,천기(환) 42k.500,삽교_철도CY_배선약도.jpg,2011101419580602.jpg,150583,2011-09-01 00:00,2023-10-18 15:45
251,삽교,1,삽교 CY,삽교_철도CY_현장사진_삽교 CY.jpg,2011101419580603.jpg,12384,2011-09-01 00:00,2023-10-18 15:45
252,삽교,1,삽교CY (하역작업),삽교_철도CY_현장사진_삽교CY (하역작업).jpg,2011101419580604.jpg,12425,2011-09-01 00:00,2023-10-18 15:45
253,삽교,1,삽교CY (도로에서 진입),삽교_철도CY_현장사진_삽교CY (도로에서 진입).jpg,2011101419580605.jpg,10783,2011-09-01 00:00,2023-10-18 15:45
254,삽교,1,삽교CY (남쪽),삽교_철도CY_현장사진_삽교CY (남쪽).jpg,2011101419580606.jpg,12281,2011-09-01 00:00,2023-10-18 15:45
255,석포,1,경북 봉화군,석포_철도CY_항공사진.jpg,2011101420080000.jpg,406961,2011-09-01 00:00,2016-08-01 14:33
256,석포,1,세방,석포_철도CY_시설물사진.jpg,2011101420080001.jpg,160240,2011-09-01 00:00,2016-08-01 14:33
257,석포,1,영기(환) 76km.845,석포_철도CY_배선약도.jpg,2011101420080002.jpg,121820,2011-09-01 00:00,2016-08-01 14:33
258,석포,1,상세도,석포_철도CY_배선약도_상세도.jpg,2011101420080003.jpg,110917,2011-09-01 00:00,2016-08-01 14:33
259,석포,1,세방 CY (우측),석포_철도CY_현장사진_세방 CY (우측).jpg,2011101420080004.jpg,23555,2011-09-01 00:00,2016-08-01 14:33
260,석포,1,세방 CY (정면),석포_철도CY_현장사진_세방 CY (정면).jpg,2011101420080005.jpg,19205,2011-09-01 00:00,2016-08-01 14:33
261,석포,1,세방 CY (좌측),석포_철도CY_현장사진_세방 CY (좌측)_1.jpg,2011101420080006.jpg,23892,2011-09-01 00:00,2016-08-01 14:33
262,석포,1,세방 CY (좌측),석포_철도CY_현장사진_세방 CY (좌측)_2.jpg,2011101420080007.jpg,14732,2011-09-01 00:00,2016-08-01 14:33
263,소정리,1,충청남도 연기군,소정리_철도CY_항공사진.jpg,2011101420580000.jpg,383327,2011-09-01 00:00,2016-08-12 17:49
264,소정리,1,현대택배(주),소정리_철도CY_시설물사진.jpg,2011101420580001.jpg,158298,2011-09-01 00:00,2016-08-12 17:49
265,소정리,1,서기(환) 107km.856,소정리_철도CY_배선약도.jpg,2011101420580002.jpg,121243,2011-09-01 00:00,2016-08-12 17:49
266,소정리,1,CY 작업선 (남쪽),소정리_철도CY_현장사진_CY 작업선 (남쪽).jpg,2011101420580003.jpg,25308,2011-09-01 00:00,2016-08-12 17:49
267,소정리,1,CY 작업선 (북쪽),소정리_철도CY_현장사진_CY 작업선 (북쪽).jpg,2011101420580004.jpg,26801,2011-09-01 00:00,2016-08-12 17:49
445,김천,1,,저탄장2.jpg,2012011115491701.jpg,14626,2012-01-11 15:49,2016-08-10 13:11
268,소정리,1,CY야드 작업 (컨테이너 적재),소정리_철도CY_현장사진_CY야드 작업 (컨테이너 적재).jpg,2011101420580005.jpg,14923,2011-09-01 00:00,2016-08-12 17:49
269,소정리,1,CY야드 작업 (하역작업),소정리_철도CY_현장사진_CY야드 작업 (하역작업).jpg,2011101420580006.jpg,18651,2011-09-01 00:00,2016-08-12 17:49
270,신선대,2,부산광역시 남구,신선대_철도CY_항공사진.jpg,2011101421080300.jpg,491445,2011-09-01 00:00,2016-08-08 14:27
271,신선대,2,국토해양부(운영: 대한통운),신선대_철도CY_시설물사진.jpg,2011101421080301.jpg,153433,2011-09-01 00:00,2016-08-08 14:27
272,신선대,2,부산진기점 6km.1,신선대_철도CY_배선약도.jpg,2011101421080302.jpg,102757,2011-09-01 00:00,2016-08-08 14:27
273,신선대,2,신선대 역사,신선대_철도CY_현장사진_신선대 역사.jpg,2011101421080303.jpg,32703,2011-09-01 00:00,2016-08-08 14:27
274,신선대,2,신선대 철송장(중앙),신선대_철도CY_현장사진_신선대 철송장(중앙).jpg,2011101421080304.jpg,17883,2011-09-01 00:00,2016-08-08 14:27
275,신선대,2,신선대 적하장(감만선),신선대_철도CY_현장사진_신선대 적하장(감만선).jpg,2011101421080305.jpg,17083,2011-09-01 00:00,2016-08-08 14:27
276,신선대,1,신선대 적하장(신선대선),신선대_철도CY_현장사진_신선대 적하장(신선대선).jpg,2011101421084100.jpg,19900,2011-09-01 00:00,2016-08-08 14:26
277,신창원,1,경상남도 창원시,신창원_철도CY_항공사진.jpg,2011101512100200.jpg,416336,2011-09-01 00:00,2016-08-08 17:34
278,신창원,1,"1: 대한통운, 2: 코레일로지스",신창원_철도CY_시설물사진.jpg,2011101512100201.jpg,232524,2011-09-01 00:00,2016-08-08 17:34
279,신창원,1,창기(환) 4km.656,신창원_철도CY_배선약도.jpg,2011101512100202.jpg,127464,2011-09-01 00:00,2016-08-08 17:34
280,신창원,1,구)대한통운 CY부지,신창원_철도CY_현장사진_구)대한통운 CY부지_1.jpg,2011101512100203.jpg,21039,2011-09-01 00:00,2016-08-08 17:34
281,신창원,1,구)대한통운 CY부지,신창원_철도CY_현장사진_구)대한통운 CY부지_2.jpg,2011101512100204.jpg,13622,2011-09-01 00:00,2016-08-08 17:34
282,신창원,2,코레일로지스,신창원_철도CY_현장사진_코레일로지스_1.jpg,2011101512103400.jpg,23947,2011-09-01 00:00,2016-08-05 17:29
283,신창원,2,코레일로지스,신창원_철도CY_현장사진_코레일로지스_2.jpg,2011101512103401.jpg,16820,2011-09-01 00:00,2016-08-05 17:29
284,아포,1,경북 김천시,아포_철도CY_항공사진.jpg,2011101513200200.jpg,444715,2011-09-01 00:00,2016-08-11 09:28
285,아포,1,동부고속,아포_철도CY_시설물사진.jpg,2011101513200201.jpg,129562,2011-09-01 00:00,2016-08-11 09:28
286,아포,1,서기(환) 270km.091,아포_철도CY_배선약도.jpg,2011101513200202.jpg,95865,2011-09-01 00:00,2016-08-11 09:28
287,아포,1,아포역 CY (동부고속),아포_철도CY_현장사진_아포역 CY (동부고속).jpg,2011101513200203.jpg,13402,2011-09-01 00:00,2016-08-11 09:28
288,온산,1,울산광역시 울주군,온산_철도CY_항공사진.jpg,2011101513450100.jpg,396568,2011-09-01 00:00,2016-08-08 16:37
289,온산,1,"가: 정일터미널, 나: 코레일로지스, 다: 대한통운",온산_철도CY_시설물사진.jpg,2011101513450101.jpg,236894,2011-09-01 00:00,2016-08-08 16:37
290,온산,1,남기(환) 8km.604,온산_철도CY_배선약도.jpg,2011101513450202.jpg,86701,2011-09-01 00:00,2016-08-08 16:37
291,온산,1,온산역사,온산_철도CY_현장사진_온산역사.jpg,2011101513450203.jpg,14730,2011-09-01 00:00,2016-08-08 16:37
292,온산,1,정일터미널,온산_철도CY_현장사진_정일터미널.jpg,2011101513450204.jpg,28068,2011-09-01 00:00,2016-08-08 16:37
293,온산,3,대한통운,온산_철도CY_현장사진_대한통운.jpg,2011101513460100.jpg,22544,2011-09-01 00:00,2016-08-05 16:58
294,울산항,1,울산광역시 남구,울산항_철도CY_항공사진.jpg,2011101514170100.jpg,486977,2011-09-01 00:00,2016-08-05 16:55
295,울산항,1,삼익물류,울산항_철도CY_시설물사진_삼익물류.jpg,2011101514170101.jpg,170638,2011-09-01 00:00,2016-08-05 16:55
296,울산항,1,울기(환) 4km.605,울산항_철도CY_배선약도.jpg,2011101514170102.jpg,81237,2011-09-01 00:00,2016-08-05 16:55
297,울산항,1,울산항 역사,울산항_철도CY_현장사진_울산항 역사.jpg,2011101514170103.jpg,16513,2011-09-01 00:00,2016-08-05 16:55
298,울산항,1,울산항 전경,울산항_철도CY_현장사진_울산항 전경.jpg,2011101514170104.jpg,27172,2011-09-01 00:00,2016-08-05 16:55
299,울산항,1,삼익물류 2번선 적하작업,울산항_철도CY_현장사진_삼익물류 2번선 적하작업.jpg,2011101514170105.jpg,21400,2011-09-01 00:00,2016-08-05 16:55
300,울산항,2,국보,울산항_철도CY_시설물사진_국보.jpg,2011101514180100.jpg,152185,2011-09-01 00:00,2016-08-05 16:56
301,울산항,2,국보 2번선 적하작업,울산항_철도CY_현장사진_국보 2번선 적하작업.jpg,2011101514180101.jpg,15025,2011-09-01 00:00,2016-08-05 16:56
302,임곡,1,광주광역시 광산구,임곡_철도CY_항공사진.jpg,2011101514262200.jpg,370792,2011-09-01 00:00,2011-09-01 00:00
303,임곡,1,"1: 삼익, 2: 한진",임곡_철도CY_시설물사진.jpg,2011101514262201.jpg,198176,2011-09-01 00:00,2011-09-01 00:00
304,임곡,1,대기(환) 174km.700,임곡_철도CY_배선약도.jpg,2011101514262202.jpg,81196,2011-09-01 00:00,2011-09-01 00:00
305,임곡,1,임곡 CY 적하선,임곡_철도CY_현장사진_임곡 CY 적하선.jpg,2011101514262203.jpg,25864,2011-09-01 00:00,2011-09-01 00:00
306,임곡,1,"임곡 CY (삼익 , 한진 사용)","임곡_철도CY_현장사진_임곡 CY (삼익 , 한진 사용).jpg",2011101514262204.jpg,25658,2011-09-01 00:00,2011-09-01 00:00
307,장성화,1,전라남도 장성군,장성화물_철도CY_항공사진.jpg,2011101610460200.jpg,417504,2011-09-01 00:00,2011-09-01 00:00
308,장성화,1,대한통운,장성화물_철도CY_시설물사진.jpg,2011101610460201.jpg,159292,2011-09-01 00:00,2011-09-01 00:00
309,장성화,1,안평기점 3km.600,장성화물_철도CY_배선약도.jpg,2011101610460202.jpg,70470,2011-09-01 00:00,2011-09-01 00:00
310,장성화,1,장성화물 CY 적하선(대한통운 사용),장성화물_철도CY_현장사진_장성화물 CY 적하선(대한통운 사용).jpg,2011101610460203.jpg,26826,2011-09-01 00:00,2011-09-01 00:00
311,장성화,1,확장중인 장성화물 CY,장성화물_철도CY_현장사진_확장중인 장성화물 CY.jpg,2011101610460204.jpg,23456,2011-09-01 00:00,2011-09-01 00:00
312,적량,1,전라남도 여수시,적량_철도CY_항공사진.jpg,2011101610550100.jpg,397916,2011-09-01 00:00,2011-09-01 00:00
313,적량,1,삼남석유화학(주),적량_철도CY_시설물사진.jpg,2011101610550101.jpg,175338,2011-09-01 00:00,2011-09-01 00:00
314,적량,1,덕기점 10km.486,적량_철도CY_배선약도.jpg,2011101610550102.jpg,144937,2011-09-01 00:00,2011-09-01 00:00
315,적량,1,삼남석유화학 CY,적량_철도CY_현장사진_삼남석유화학 CY_1.jpg,2011101610550103.jpg,17352,2011-09-01 00:00,2011-09-01 00:00
316,적량,1,삼남석유화학 CY,적량_철도CY_현장사진_삼남석유화학 CY_2.jpg,2011101610550104.jpg,17544,2011-09-01 00:00,2011-09-01 00:00
317,적량,1,태금역사에서 포스코 방향,적량_철도CY_현장사진_태금역사에서 포스코 방향.jpg,2011101610550105.jpg,18120,2011-09-01 00:00,2011-09-01 00:00
318,적량,1,,적량_철도CY_현장사진.jpg,2011101610550106.jpg,16371,2011-09-01 00:00,2011-09-01 00:00
319,조치원,1,충청남도 연기군,조치원_철도CY_항공사진.jpg,2011101611040100.jpg,445452,2011-09-01 00:00,2016-08-08 10:34
320,조치원,1,한진,조치원_철도CY_시설물사진.jpg,2011101611040101.jpg,217640,2011-09-01 00:00,2016-08-08 10:34
321,조치원,1,서기(환) 129k.907,조치원_철도CY_배선약도.jpg,2011101611040102.jpg,142387,2011-09-01 00:00,2016-08-08 10:34
322,조치원,1,상세도(한진),조치원_철도CY_배선약도_한진_상세도.jpg,2011101611040103.jpg,62099,2011-09-01 00:00,2016-08-08 10:34
323,조치원,1,한진 사무실,조치원_철도CY_현장사진_한진 사무실.jpg,2011101611040104.jpg,23794,2011-09-01 00:00,2016-08-08 10:34
324,조치원,1,한진 CY,조치원_철도CY_현장사진_한진 CY_1.jpg,2011101611040105.jpg,17706,2011-09-01 00:00,2016-08-08 10:34
325,조치원,1,한진 CY,조치원_철도CY_현장사진_한진 CY_2.jpg,2011101611040106.jpg,18586,2011-09-01 00:00,2016-08-08 10:34
326,조치원,1,한진 CY,조치원_철도CY_현장사진_한진 CY_3.jpg,2011101611040107.jpg,19545,2011-09-01 00:00,2016-08-08 10:34
327,충주,1,충청북도 충주시,충주_철도CY_항공사진.jpg,2011101611121100.jpg,322907,2011-09-01 00:00,2023-10-18 17:16
328,충주,1,코레일로지스,충주_철도CY_시설물사진.jpg,2011101611121101.jpg,173602,2011-09-01 00:00,2023-10-18 17:16
329,충주,1,조기 82k700,충주_철도CY_배선약도.jpg,2011101611121102.jpg,131471,2011-09-01 00:00,2023-10-18 17:16
330,충주,1,양회 싸이로 (상세),충주_철도CY_배선약도_상세도.jpg,2011101611121103.jpg,50831,2011-09-01 00:00,2023-10-18 17:16
331,충주,1,콘테이너하치장 (코레일로지스),충주_철도CY_현장사진_콘테이너하치장 (코레일로지스)_1.jpg,2011101611121104.jpg,16786,2011-09-01 00:00,2023-10-18 17:16
332,충주,1,콘테이너하치장 (코레일로지스),충주_철도CY_현장사진_콘테이너하치장 (코레일로지스)_2.jpg,2011101611121105.jpg,20277,2011-09-01 00:00,2023-10-18 17:16
333,태금,1,전라남도 광양시,태금_철도CY_항공사진.jpg,2011101611180400.jpg,380477,2011-09-01 00:00,2011-09-01 00:00
334,태금,1,코레일로지스,태금_철도CY_시설물사진.jpg,2011101611180401.jpg,153939,2011-09-01 00:00,2011-09-01 00:00
335,태금,1,황기 2km.450,태금_철도CY_배선약도.jpg,2011101611180402.jpg,217657,2011-09-01 00:00,2011-09-01 00:00
336,태금,1,태금역사에서 포스코 방향,태금_철도CY_현장사진_태금역사에서 포스코 방향.jpg,2011101611180403.jpg,12572,2011-09-01 00:00,2011-09-01 00:00
337,흥국사,1,전라남도 여수시,흥국사_철도CY_항공사진.jpg,2011101611303100.jpg,422884,2011-09-01 00:00,2023-10-13 09:07
338,흥국사,1,대한통운 (로지스 공용),흥국사_철도CY_시설물사진.jpg,2011101611303101.jpg,201281,2011-09-01 00:00,2023-10-13 09:07
339,흥국사,1,덕기 4km.974,흥국사_철도CY_배선약도.jpg,2011101611303102.jpg,120807,2011-09-01 00:00,2023-10-13 09:07
340,흥국사,1,흥국사역사에서 덕양역 방향,흥국사_철도CY_현장사진_흥국사역사에서 덕양역 방향.jpg,2011101611303103.jpg,19211,2011-09-01 00:00,2023-10-13 09:07
341,흥국사,1,흥국사역 CY 작업광경,흥국사_철도CY_현장사진_흥국사역 CY 작업광경.jpg,2011101611303104.jpg,20441,2011-09-01 00:00,2023-10-13 09:07
342,흥국사,1,흥국사역 전경 (덕양역쪽에서 적량역 방향),흥국사_철도CY_현장사진_흥국사역 전경 (덕양역쪽에서 적량역 방향).jpg,2011101611303105.jpg,22504,2011-09-01 00:00,2023-10-13 09:07
343,흥국사,1,흥국사역 전경(확대),흥국사_철도CY_현장사진_흥국사역 전경(확대).jpg,2011101611303106.jpg,23385,2011-09-01 00:00,2023-10-13 09:07
344,옥천,1,충청북도 옥천군,옥천_철도CY_항공사진.jpg,2011101611370100.jpg,427260,2011-09-01 00:00,2016-08-12 17:47
345,옥천,1,"천일정기화물, 현대상선",옥천_철도CY_시설물사진.jpg,2011101611370101.jpg,203850,2011-09-01 00:00,2016-08-12 17:47
346,옥천,1,서기(환) 182km.500,옥천_철도CY_배선약도.jpg,2011101611370102.jpg,117778,2011-09-01 00:00,2016-08-12 17:47
347,옥천,1,하치장 전면,옥천_철도CY_현장사진_하치장 전면.jpg,2011101611370103.jpg,12955,2011-09-01 00:00,2016-08-12 17:47
348,옥천,1,하치장,옥천_철도CY_현장사진_하치장.jpg,2011101611370104.jpg,13585,2011-09-01 00:00,2016-08-12 17:47
349,옥천,1,하치장 입구,옥천_철도CY_현장사진_하치장 입구.jpg,2011101611370105.jpg,16316,2011-09-01 00:00,2016-08-12 17:47
350,옥천,1,하치장 후면,옥천_철도CY_현장사진_하치장 후면.jpg,2011101611370106.jpg,15555,2011-09-01 00:00,2016-08-12 17:47
351,송정리,1,광주광역시 광산구,광주송정_철도CY_항공사진.jpg,2011101611440100.jpg,479502,2011-09-01 00:00,2011-09-01 00:00
352,송정리,1,"1: 세방, 2: 국보",광주송정_철도CY_시설물사진.jpg,2011101611440101.jpg,252787,2011-09-01 00:00,2011-09-01 00:00
353,송정리,1,대기(환) 185km.700,광주송정_철도CY_배선약도.jpg,2011101611440102.jpg,131982,2011-09-01 00:00,2011-09-01 00:00
354,송정리,1,컨테이너 하치장 (상세),광주송정_철도CY_배선약도_상세도.jpg,2011101611440103.jpg,100858,2011-09-01 00:00,2011-09-01 00:00
355,송정리,1,컨테이너하치장 (세 방),광주송정_철도CY_현장사진_컨테이너하치장 (세 방).jpg,2011101611440104.jpg,27544,2011-09-01 00:00,2011-09-01 00:00
356,송정리,2,컨테이너하치장 (국 보),광주송정_철도CY_현장사진_컨테이너하치장 (국 보).jpg,2011101611443000.jpg,25016,2011-09-01 00:00,2011-09-01 00:00
357,매포,1,충청북도 청원군,"매포_싸이로, 철도CY_항공사진.jpg",2011101611550100.jpg,501992,2011-09-01 00:00,2022-06-14 13:08
358,매포,1,쌍용,매포_싸이로_시설물사진_쌍용.jpg,2011101611550101.jpg,144414,2011-09-01 00:00,2022-06-14 13:08
359,매포,1,서기(환) 144k.400,"매포_싸이로, 철도CY_배선약도.jpg",2011101611550102.jpg,155781,2011-09-01 00:00,2022-06-14 13:08
360,매포,1,쌍용양회 싸이로,"매포_싸이로, 철도CY_현장사진_쌍용양회 싸이로.jpg",2011101611550103.jpg,22090,2011-09-01 00:00,2022-06-14 13:08
361,매포,3,한라,매포_싸이로_시설물사진_한라.jpg,2011101611560100.jpg,171841,2011-09-01 00:00,2016-08-12 17:24
362,매포,3,라파즈한라 싸이로,"매포_싸이로, 철도CY_현장사진_라파즈한라 싸이로.jpg",2011101611560101.jpg,23727,2011-09-01 00:00,2016-08-12 17:24
363,매포,1,세방(주),매포_철도CY_시설물사진.jpg,2011101611570100.jpg,193146,2011-09-01 00:00,2012-01-09 15:19
364,매포,1,매포역 CY,"매포_싸이로, 철도CY_현장사진_매포역 CY.jpg",2011101611570101.jpg,23922,2011-09-01 00:00,2012-01-09 15:19
365,부강,1,충청북도 청원군,"부강_싸이로, 철도CY_항공사진.jpg",2011101613040100.jpg,533180,2011-09-01 00:00,2016-08-12 17:22
366,부강,1,"가: 10,000*1, 나: 15,000*1",부강_싸이로_시설물사진.jpg,2011101613040101.jpg,152280,2011-09-01 00:00,2016-08-12 17:22
367,부강,1,성신양회 청원선,"부강_싸이로, 철도CY_배선약도_성신양회_상세도.jpg",2011101613040102.jpg,74209,2011-09-01 00:00,2016-08-12 17:22
368,부강,1,양회싸이로,부강_싸이로_현장사진_양회싸이로.jpg,2011101613040103.jpg,22879,2011-09-01 00:00,2016-08-12 17:22
369,부강,1,양회싸이로 선로쪽면,부강_싸이로_현장사진_양회싸이로 선로쪽면.jpg,2011101613040104.jpg,18677,2011-09-01 00:00,2016-08-12 17:22
370,부강,1,"삼익(동부), 동부익스프레스",부강_철도CY_시설물사진.jpg,2011101613060100.jpg,220847,2011-09-01 00:00,2016-08-12 17:14
371,부강,1,서기(환) 140k.252,"부강_싸이로, 철도CY_배선약도.jpg",2011101613060101.jpg,111596,2011-09-01 00:00,2016-08-12 17:14
372,북전주,1,전라북도 전주시,"북전주_싸이로, 철도CY_항공사진.jpg",2011101613200100.jpg,571168,2011-09-01 00:00,2024-02-26 10:21
373,북전주,1,한일,북전주_싸이로_시설물사진_한일.jpg,2011101613200101.jpg,126595,2011-09-01 00:00,2024-02-26 10:21
374,북전주,1,익기 7km. 100,"북전주_싸이로, 철도CY_배선약도.jpg",2011101613200102.jpg,97920,2011-09-01 00:00,2024-02-26 10:21
375,북전주,1,상세도(한일시멘트),북전주_싸이로_배선약도_한일시멘트.jpg,2011101613200103.jpg,42215,2011-09-01 00:00,2024-02-26 10:21
376,북전주,1,한일시멘트,북전주_싸이로_현장사진_한일시멘트_1.jpg,2011101613200104.jpg,14846,2011-09-01 00:00,2024-02-26 10:21
377,북전주,1,한일시멘트,북전주_싸이로_현장사진_한일시멘트_2.jpg,2011101613200105.jpg,19685,2011-09-01 00:00,2024-02-26 10:21
378,북전주,2,현대,북전주_싸이로_시설물사진_현대.jpg,2011101613220100.jpg,127584,2011-09-01 00:00,2011-09-01 00:00
379,북전주,2,상세도(현대시멘트),북전주_싸이로_배선약도_현대시멘트.jpg,2011101613220101.jpg,62710,2011-09-01 00:00,2011-09-01 00:00
380,북전주,2,현대시멘트,북전주_싸이로_현장사진_현대시멘트_1.jpg,2011101613220102.jpg,15104,2011-09-01 00:00,2011-09-01 00:00
381,북전주,2,현대시멘트,북전주_싸이로_현장사진_현대시멘트_2.jpg,2011101613220103.jpg,19932,2011-09-01 00:00,2011-09-01 00:00
382,북전주,1,(주) 휴비스,북전주_철도CY_시설물사진_휴비스.jpg,2011101613240100.jpg,149051,2011-09-01 00:00,2011-09-01 00:00
383,북전주,1,휴비스(전경),북전주_철도CY_현장사진_휴비스(전경).jpg,2011101613240101.jpg,16667,2011-09-01 00:00,2011-09-01 00:00
384,북전주,1,"휴비스 C,Y (항공사진)","북전주_철도CY_현장사진_휴비스 C,Y (항공사진).jpg",2011101613240102.jpg,14127,2011-09-01 00:00,2011-09-01 00:00
385,북전주,2,(주) 전주페이퍼,북전주_철도CY_시설물사진_전주페이퍼.jpg,2011101613260100.jpg,138170,2011-09-01 00:00,2011-09-01 00:00
386,북전주,2,상세도(전주페이퍼),북전주_철도CY_배선약도_전주페이퍼.jpg,2011101613260101.jpg,70324,2011-09-01 00:00,2011-09-01 00:00
387,북전주,2,전주페이퍼(전경),북전주_철도CY_현장사진_전주페이퍼(전경).jpg,2011101613260102.jpg,17023,2011-09-01 00:00,2011-09-01 00:00
388,북전주,2,"전주페이퍼 C,Y(항공사진)","북전주_철도CY_현장사진_전주페이퍼 C,Y(항공사진).jpg",2011101613260103.jpg,19782,2011-09-01 00:00,2011-09-01 00:00
389,약목,1,경북 칠곡군 약목면,"약목_싸이로, 철도CY_항공사진.jpg",2011101613330100.jpg,518052,2011-09-01 00:00,2024-02-26 17:44
390,약목,1,아세아,약목_싸이로_시설물사진.jpg,2011101613330101.jpg,157318,2011-09-01 00:00,2024-02-26 17:44
391,약목,1,서기(환) 209km.271,"약목_싸이로, 철도CY_배선약도.jpg",2011101613330102.jpg,101781,2011-09-01 00:00,2024-02-26 17:44
392,약목,1,상세도(아세아시멘트),약목_싸이로_배선약도_아세아시멘트_상세도.jpg,2011101613330103.jpg,51487,2011-09-01 00:00,2024-02-26 17:44
393,약목,1,약목역 아세아시멘트 전용선 모습,약목_싸이로_현장사진_약목역 아세아시멘트 전용선 모습.jpg,2011101613330104.jpg,19899,2011-09-01 00:00,2024-02-26 17:44
394,약목,1,코레일로지스 외 3개,약목_철도CY_시설물사진_코레일로지스.jpg,2011101613360100.jpg,145259,2011-09-01 00:00,2016-08-11 18:56
395,약목,1,약목역 구미CY,약목_철도CY_현장사진_약목역 구미CY.jpg,2011101613360101.jpg,20994,2011-09-01 00:00,2016-08-11 18:56
456,영주,1,,영주_CY_항공사진.jpg,2023101913522700.jpg,234809,2023-10-19 13:52,2024-02-05 14:13
397,약목,2,약목역 약목 CY,약목_철도CY_현장사진_약목역 약목 CY.jpg,2011101613370001.jpg,32549,2011-09-01 00:00,2016-08-11 18:52
398,의왕,1,경기도 의왕시,"오봉_싸이로, 철도CY_항공사진.jpg",2011101613580100.jpg,559307,2011-09-01 00:00,2011-09-01 00:00
399,의왕,1,"한라, 쌍용, 동양, 성신, 현대, 한일, 아세아",오봉_싸이로_시설물사진.jpg,2011101613580101.jpg,176001,2011-09-01 00:00,2011-09-01 00:00
400,의왕,1,의기(환) 2k.950,"오봉_싸이로, 철도CY_배선약도.jpg",2011101613580102.jpg,146615,2011-09-01 00:00,2011-09-01 00:00
401,의왕,1,양회싸이로(상세),오봉_싸이로_배선약도_상세도.jpg,2011101613580103.jpg,101463,2011-09-01 00:00,2011-09-01 00:00
402,의왕,1,양회기지 전경,오봉_싸이로_현장사진_양회기지 전경.jpg,2011101613580104.jpg,15504,2011-09-01 00:00,2011-09-01 00:00
403,의왕,1,쌍용,오봉_싸이로_현장사진_쌍용.jpg,2011101613580105.jpg,18105,2011-09-01 00:00,2011-09-01 00:00
404,의왕,2,동양,오봉_싸이로_현장사진_동양.jpg,2011101613583900.jpg,22351,2011-09-01 00:00,2011-09-01 00:00
446,김천,1,,저탄장항공.jpg,2012011115491702.jpg,88700,2012-01-11 15:49,2016-08-10 13:11
405,의왕,3,아세아,오봉_싸이로_현장사진_아세아.jpg,2011101613590200.jpg,18970,2011-09-01 00:00,2011-09-01 00:00
406,의왕,4,성신,오봉_싸이로_현장사진_성신.jpg,2011101613592500.jpg,14296,2011-09-01 00:00,2011-09-01 00:00
407,의왕,5,현대,오봉_싸이로_현장사진_현대.jpg,2011101613595600.jpg,16301,2011-09-01 00:00,2011-09-01 00:00
408,의왕,6,한일,오봉_싸이로_현장사진_한일.jpg,2011101614001800.jpg,19096,2011-09-01 00:00,2011-09-01 00:00
409,의왕,7,라파즈한라,오봉_싸이로_현장사진_라파즈한라.jpg,2011101614005500.jpg,21516,2011-09-01 00:00,2024-02-26 10:21
410,의왕,1,제1터미널,오봉_철도CY_시설물사진_제1 터미널.jpg,2011101614040100.jpg,216424,2011-09-01 00:00,2011-09-01 00:00
411,의왕,1,제 1터미널(1군),오봉_철도CY_현장사진_제 1터미널(1군).jpg,2011101614040101.jpg,24229,2011-09-01 00:00,2011-09-01 00:00
412,의왕,1,제 1터미널(2군),오봉_철도CY_현장사진_제 1터미널(2군).jpg,2011101614040102.jpg,18709,2011-09-01 00:00,2011-09-01 00:00
413,의왕,1,제 1터미널(3군),오봉_철도CY_현장사진_제 1터미널(3군).jpg,2011101614040103.jpg,15368,2011-09-01 00:00,2011-09-01 00:00
414,의왕,12,제2터미널,오봉_철도CY_시설물사진_제2 터미널.jpg,2011101614050100.jpg,219264,2011-09-01 00:00,2011-09-01 00:00
415,의왕,12,제 2터미널,오봉_철도CY_현장사진_제 2터미널_1.jpg,2011101614050101.jpg,26618,2011-09-01 00:00,2011-09-01 00:00
416,의왕,12,제 2터미널,오봉_철도CY_현장사진_제 2터미널_2.jpg,2011101614050102.jpg,21641,2011-09-01 00:00,2011-09-01 00:00
417,의왕,17,코레일로지스,오봉_철도CY_시설물사진.jpg,2011101614064200.jpg,105247,2011-09-01 00:00,2011-09-01 00:00
418,의왕,17,컨테이너 하치장 (상세),오봉_철도CY_배선약도_상세도.jpg,2011101614064201.jpg,80700,2011-09-01 00:00,2011-09-01 00:00
419,의왕,17,오봉 철도CY,오봉_철도CY_현장사진_오봉 철도CY_1.jpg,2011101614064202.jpg,24744,2011-09-01 00:00,2011-09-01 00:00
420,의왕,17,오봉 철도CY,오봉_철도CY_현장사진_오봉 철도CY_2.jpg,2011101614064203.jpg,14713,2011-09-01 00:00,2011-09-01 00:00
421,의왕,17,오봉 철도CY,오봉_철도CY_현장사진_오봉 철도CY_3.jpg,2011101614064204.jpg,26977,2011-09-01 00:00,2011-09-01 00:00
422,청주,1,청주시 흥덕구,"청주_싸이로, 철도CY_항공사진.jpg",2011101615050300.jpg,295987,2011-09-01 00:00,2016-08-12 17:50
423,청주,1,쌍용양회,청주_싸이로_시설물사진.jpg,2011101615050301.jpg,206601,2011-09-01 00:00,2016-08-12 17:50
424,청주,1,조기(환) 11k.389,"청주_싸이로, 철도CY_배선약도.jpg",2011101615050302.jpg,127832,2011-09-01 00:00,2016-08-12 17:50
425,청주,1,쌍용양회 싸이로,청주_싸이로_현장사진_쌍용양회 싸이로.jpg,2011101615050303.jpg,14421,2011-09-01 00:00,2016-08-12 17:50
426,청주,1,"국보, KCTC","청주_철도CY_시설물사진_KCTC, 국보.jpg",2011101615100100.jpg,232186,2011-09-01 00:00,2011-09-01 00:00
427,청주,1,국보 CY,청주_철도CY_현장사진_국보 CY.jpg,2011101615100101.jpg,21734,2011-09-01 00:00,2011-09-01 00:00
428,청주,2,"코레일로지스, 천일정기화물",청주_철도CY_시설물사진_코레일로지스.jpg,2011101615103800.jpg,200649,2011-09-01 00:00,2011-09-01 00:00
429,괴동,1,,크기변환_크기변환_괴동CY1.jpg,2012011114223700.jpg,3333,2012-01-11 14:22,2016-08-08 10:45
430,괴동,1,,괴동CY2.jpg,2012011114223701.jpg,11213,2012-01-11 14:22,2016-08-08 10:45
431,괴동,1,,유성창고1.jpg,2012011115190000.jpg,13560,2012-01-11 15:19,2016-08-08 14:50
432,괴동,1,,위성사진.jpg,2012011115190001.jpg,91897,2012-01-11 15:19,2016-08-08 14:50
433,괴동,2,,한중창고2.jpg,2012011115201200.jpg,14772,2012-01-11 15:20,2016-08-15 08:31
434,괴동,2,,한중창고3.bmp,2012011115201201.bmp,285174,2012-01-11 15:20,2016-08-15 08:31
435,괴동,2,,위성사진.jpg,2012011115201202.jpg,91897,2012-01-11 15:20,2016-08-15 08:31
436,괴동,3,,대통창고1.gif,2012011115210600.gif,43396,2012-01-11 15:21,2012-01-11 15:21
437,괴동,3,,대통창고2.jpg,2012011115210601.jpg,20559,2012-01-11 15:21,2012-01-11 15:21
438,괴동,3,,위성사진.jpg,2012011115210602.jpg,91897,2012-01-11 15:21,2012-01-11 15:21
439,괴동,4,,PSR창고1.jpg,2012011115215000.jpg,13300,2012-01-11 15:21,2012-01-11 15:21
440,괴동,4,,위성사진.jpg,2012011115215001.jpg,91897,2012-01-11 15:21,2012-01-11 15:21
441,가천,1,,가천한일1.jpg,2012011115355700.jpg,10079,2012-01-11 15:35,2012-01-11 15:35
442,가천,1,,가천한일2.jpg,2012011115355701.jpg,13391,2012-01-11 15:35,2012-01-11 15:35
443,가천,1,,한일시멘트.jpg,2012011115355702.jpg,49568,2012-01-11 15:35,2012-01-11 15:35
447,의왕,18,,test.bmp,2016072610554500.bmp,1019394,2016-07-26 10:55,2016-07-26 10:55
448,문수,1,문수역CY 항공사진,문수역(하치장 위성사진).jpg,2016080115320800.jpg,720262,2016-08-01 15:32,2016-08-01 15:43
449,문수,1,문수역CY 현장사진,문수CY사진.jpg,2016080115432001.jpg,992042,2016-08-01 15:43,2016-08-01 15:43
450,석포,1,영풍창고 항공사진,화물창고(영풍).jpg,2016080210302800.jpg,552120,2016-08-02 10:30,2016-08-04 11:15
451,도담,1,성신양회 덤프하화시설,덤프하화시설(성신).jpg,2016080213415100.jpg,821080,2016-08-02 13:41,2016-08-02 13:45
452,도담,1,덤프하화시설 내부,덤프하화시설 내부.jpg,2016080213444001.jpg,329096,2016-08-02 13:44,2016-08-02 13:45
457,영주,1,,영주_CY_시설물사진.jpg,2023101913522701.jpg,211318,2023-10-19 13:52,2024-02-05 14:13
458,영주,1,,영주역 5단계 배선약도_(조암CY장).jpg,2023101913522702.jpg,769886,2023-10-19 13:52,2024-02-05 14:13
459,영주,1,배선약도(상세),영주역CY 배선약도.jpg,2023101913522703.jpg,461081,2023-10-19 13:52,2024-02-05 14:13
460,영주,1,영주역 CY 전경,영주 CY 전경.jpg,2023101913522704.jpg,136732,2023-10-19 13:52,2024-02-05 14:13
461,영주,1,영주역 CY 출입문,영주CY 출입문 쪽.jpg,2023101913522705.jpg,139833,2023-10-19 13:52,2024-02-05 14:13
