역명,물류시설일련번호,지역본부명,구역구분명,설치일자,운용개시일자,조성일자,기부채납일자,사용시작일자,사용종료일자,무상사용시작일자,무상사용종료일자,시설자산여부,시설자산사용면적수,시설자산전체면적수,운영자산여부,운영자산사용면적수,운영자산전체면적수,기타자산여부,기타자산사용면적수,기타자산전체면적수,부지사용면적수,부지전체면적수,연간사용요금내역,연간수입내역,연간적정수송면적수,최초등록일시,최종변경일시,최대작업수량,작업선유효장
가야,1,부산경남본부,,,1996-04-01,,,1996-04-01,2016-08-08,,,0,,,1,558,558,0,,,558,558,,,,2011-09-01 00:00,2016-08-05 17:42,,
가야,2,부산경남본부,,,1996-04-01,,,1996-04-01,9999-12-31,,,0,,,0,578,578,0,,,578,578,,2328524000,,2011-09-01 00:00,2016-09-01 09:46,,
가야,3,부산경남본부,,,1996-04-01,,,1996-04-01,9999-12-31,,,0,,,Y,9186,10030,0,,,9186,10030,,150757200,,2011-09-01 00:00,2016-09-01 09:45,,
강릉,1,강원본부,,,2005-04-01,,,2005-04-01,2014-03-31,,,0,,,0,,,1,1000,1000,1000,1000,,432000000,5,2011-09-01 00:00,2016-08-09 10:39,,
광양항,1,전남본부,동측,,1998-12-30,,,1998-12-30,2014-04-10,,,0,,,0,,,Y,59657,59657,59657,59657,,8600000000,213,2011-09-01 00:00,2016-08-23 18:42,,
신군산,1,전북본부,,,2008-08-01,,,2008-08-01,9999-12-31,,,0,,,0,,,Y,16500,16500,16500,16500,,2569000000,24,2011-09-01 00:00,2016-08-08 10:41,,
동산,1,전북본부,,,1989-01-23,,,1989-01-23,9999-12-31,,,0,,,Y,12352,12352,0,,,12352,12352,,202473984,16,2011-09-01 00:00,2013-10-15 14:25,,
동익산,1,전북본부,,,1994-01-17,,,1994-01-17,9999-12-31,,,0,,,0,,,Y,14580,14580,14580,14580,,1600000000,33,2011-09-01 00:00,2016-08-08 10:42,,
두정,1,대전충남본부,,,2002-07-01,,,2002-07-01,9999-12-31,,,0,,,0,4667,4667,Y,0,5350,4667,10017,,300000000,10,2011-09-01 00:00,2016-08-12 17:49,14,17
부산진,1,부산경남본부,제1단지,,1972-09-18,,,1972-09-18,2016-08-31,,,0,,,Y,67686,67686,0,,,67686,67686,,22677000000,272,2011-09-01 00:00,2016-08-29 15:41,,
부산진,2,부산경남본부,제2단지,,1993-04-28,,,1993-04-28,2016-08-31,,,0,,,Y,17730,17730,0,,,17730,17730,,,60,2011-09-01 00:00,2016-08-08 17:40,,
부산진,3,부산경남본부,제3단지,,1988-05-12,,,1988-05-12,2016-08-31,,,0,,,Y,27780,32260,0,,,27780,32260,,1225870500,102,2011-09-01 00:00,2016-08-08 17:41,,
삽교,1,대전충남본부,,,2008-11-28,,,2008-11-28,9999-12-31,,,0,,,0,,,Y,14850,14850,14850,14850,,2895000000,27,2011-09-01 00:00,2023-10-18 15:45,25,33
삽교,2,대전충남본부,,,2008-11-28,,,2008-11-28,9999-12-31,,,0,,,0,,,1,1650,1650,1650,1650,,598000000,27,2011-09-01 00:00,2023-10-18 15:45,,
석포,1,경북본부,,,1984-07-20,,,2003-03-07,9999-12-31,,,0,,,1,2800,2800,0,,,2800,2800,,6500000000,300,2011-09-01 00:00,2016-08-01 14:33,10,15
소정리,1,대전충남본부,,,1999-12-17,,,1999-12-17,9999-12-31,,,0,,,0,282,282,Y,5350,5350,5632,5632,,800000000,10,2011-09-01 00:00,2016-08-12 17:49,6,7
신선대,1,부산경남본부,신선대선,,1995-03-11,,,1995-03-11,9999-12-31,,,0,,,0,,,Y,0,0,0,0,,12077000000,292,2011-09-01 00:00,2016-08-08 14:26,,
신선대,2,부산경남본부,감만선,,1997-12-31,,,1997-12-31,9999-12-31,,,0,,,0,,,Y,0,0,0,0,,12077000000,292,2011-09-01 00:00,2016-08-08 14:27,,
신창원,1,부산경남본부,제1야드,,1997-01-10,,,1997-01-10,9999-12-31,,,0,,,1,41605,41605,0,,,41605,41605,,328200000,64,2011-09-01 00:00,2016-08-08 17:34,,
신창원,2,부산경남본부,제2야드,,2004-11-10,,,2004-11-10,2016-08-08,,,0,,,Y,20022,20022,0,,,20022,20022,,423984000,58,2011-09-01 00:00,2016-08-05 17:29,,
아포,1,대구본부,,,1998-07-01,,,1998-07-01,9999-12-31,,,0,,,1,,4516,0,,,0,4516,,,15180,2011-09-01 00:00,2016-08-11 09:28,27,387
온산,1,부산경남본부,,,2006-01-01,,,2006-01-01,2016-08-23,,,0,,,Y,6945,14472,0,,,6945,14472,,131097800,,2011-09-01 00:00,2016-08-08 16:37,17,
온산,2,부산경남본부,,,2006-12-01,,,2006-12-01,9999-12-31,,,0,,,1,2695,14472,0,,,2695,14472,,26385600,,2011-09-01 00:00,2016-08-08 16:38,,
온산,3,부산경남본부,,,2006-12-01,,,2006-12-01,2016-08-23,,,0,,,Y,3948,14472,0,,,3948,14472,,26404000,,2011-09-01 00:00,2016-08-05 16:58,,
울산항,1,부산경남본부,,,1996-03-15,,,1996-03-15,2016-08-23,,,0,,,Y,3700,6246,0,,,3700,6246,,60650400,9,2011-09-01 00:00,2016-08-05 16:55,22,
울산항,2,부산경남본부,,,1996-03-15,,,1996-03-15,2016-08-23,,,0,,,Y,2646,4600,0,,,2646,4600,,43372800,4,2011-09-01 00:00,2016-08-05 16:56,22,
임곡,1,광주본부,,,1996-09-10,,,1996-09-10,9999-12-31,,,N,,,Y,4331,4331,N,,,4331,4331,,371000000,14,2011-09-01 00:00,2011-09-01 00:00,,
임곡,2,광주본부,,,1996-09-10,,,1996-09-10,9999-12-31,,,N,,,Y,4331,4331,N,,,4331,4331,,83000000,14,2011-09-01 00:00,2011-09-01 00:00,,
수색,1,서울본부,,1998-06-23,,,1998-10-24,1998-06-23,9999-12-31,1998-10-24,2015-12-29,0,,,0,,,0,,,,,,,,2011-09-01 00:00,2022-06-09 14:35,,
수색,2,서울본부,,2002-04-30,,,2002-06-22,2002-04-30,9999-12-31,2002-06-01,2019-09-08,0,,,0,,,0,,,,,,,,2011-09-01 00:00,2011-09-15 20:03,,
오류동,1,수도권서부본부,,1969-08-01,,,,1969-08-01,9999-12-31,,,Y,0,0,0,,,Y,40861,40861,40861,40861,23835000,,,2011-09-01 00:00,2011-09-01 00:00,,
의왕,1,수도권서부본부,,1985-12-03,,,1988-11-30,1985-12-03,9999-12-31,,,0,,,Y,,,0,,,,,무상(88.11.30 ~ 08.11.29),,,2011-09-01 00:00,2011-09-01 00:00,,
의왕,2,수도권서부본부,,1986-03-15,,,1988-11-30,1986-03-15,9999-12-31,,,0,,,Y,,,0,,,,,무상(88.11.30 ~ 08.11.29),,,2011-09-01 00:00,2011-09-01 00:00,,
의왕,3,수도권서부본부,,1986-03-15,,,1988-11-30,1986-03-15,9999-12-31,,,0,,,Y,,,0,,,,,무상(88.11.30 ~ 08.11.29),,,2011-09-01 00:00,2011-09-01 00:00,,
의왕,4,수도권서부본부,,1986-05-15,,,1988-11-30,1986-05-15,9999-12-31,,,0,,,Y,,,0,,,,,무상(88.11.30 ~ 08.11.29),,,2011-09-01 00:00,2011-09-01 00:00,,
의왕,5,수도권서부본부,,1986-08-31,,,1988-11-30,1986-08-31,9999-12-31,,,0,,,Y,,,0,,,,,무상(88.11.30 ~ 08.11.29),,,2011-09-01 00:00,2011-09-01 00:00,,
의왕,6,수도권서부본부,,1986-08-31,,,1988-11-30,1986-08-31,9999-12-31,,,0,,,Y,,,0,,,,,무상(88.11.30 ~ 08.11.29),,,2011-09-01 00:00,2011-09-01 00:00,,
수원,1,수도권서부본부,,1976-08-01,,,,1976-08-01,9999-12-31,,,0,,,0,,,0,,,,,"사유지, 전용선",,,2011-09-01 00:00,2011-09-17 13:45,,
수원,2,수도권서부본부,,1972-10-30,,,,1972-10-30,9999-12-31,,,N,,,N,,,N,,,,,"사유지, 전용선",,,2011-09-01 00:00,2011-09-01 00:00,,
성북,1,수도권동부본부,,1984-09-28,,,1985-12-04,1984-09-28,9999-12-31,,,0,,,Y,,,0,,,,,490284000,,,2011-09-01 00:00,2011-09-01 00:00,,
성북,2,수도권동부본부,,1985-01-10,,,1985-07-04,1985-01-10,9999-12-31,,,0,,,Y,,,0,,,,,375208000,,,2011-09-01 00:00,2011-09-01 00:00,,
덕소,1,수도권동부본부,,1983-07-07,,,1988-12-31,1983-07-07,9999-12-31,,,0,,,1,8067,8067,0,,,8067,8067,6160000,,,2011-09-01 00:00,2011-09-17 13:51,,
덕소,2,수도권동부본부,,1988-12-21,,,1998-03-20,1988-12-21,9999-12-31,1998-03-20,2018-03-19,0,,,1,8067,8067,0,,,8067,8067,"무상, 전용선",,,2011-09-01 00:00,2019-08-29 10:17,,
팔당,1,수도권동부본부,,1991-05-09,,,1993-11-26,1991-05-09,9999-12-31,,,0,,,Y,,,0,,,,,"무상, 전용선",,,2011-09-01 00:00,2011-09-01 00:00,,
초성리,1,수도권동부본부,,2000-12-27,,,,2000-12-27,2023-12-31,,,0,,,0,,,0,,,,,"사유지, 전용선",,,2011-09-01 00:00,2024-02-26 10:21,,
오송,1,대전충남본부,,1988-02-01,,,1983-08-22,1988-02-01,2015-07-28,,,0,,,Y,,,0,,,,,4320350,,,2011-09-01 00:00,2011-09-01 00:00,,
오송,2,대전충남본부,,1987-04-29,,,1987-08-26,1987-04-29,2015-07-28,,,0,,,Y,,,0,,,,,4320350,,,2011-09-01 00:00,2011-09-01 00:00,,
부강,1,대전충남본부,,,,,,2011-08-12,9999-12-31,,,0,,,0,,,N,,,0,,"사유지, 전용선",,,2011-09-01 00:00,2016-08-12 17:22,16,16
부강,2,대전충남본부,,,,,,2011-08-12,9999-12-31,,,0,,,0,,,0,,,,,"사유지, 전용선",,,2011-09-01 00:00,2019-08-29 14:24,,
매포,1,대전충남본부,,1996-06-30,,,,1996-06-30,2012-01-09,,,0,,,0,,,0,,,,,"사유지, 전용선",,,2011-09-01 00:00,2022-06-14 13:08,,
매포,2,대전충남본부,,1996-06-30,,,,1996-06-30,9999-12-31,,,0,,,0,,,N,,,0,,"사유지, 전용선",,,2011-09-01 00:00,2016-08-12 17:24,20,27
매포,3,대전충남본부,,1911-11-29,,,1992-03-19,1911-11-29,9999-12-31,1992-05-12,2012-05-11,0,,,1,,,0,,,0,,"무상, 전용선",,,2011-09-01 00:00,2016-08-12 17:24,7,14
대전조,1,대전충남본부,,1984-07-08,,,1985-01-28,1984-07-08,9999-12-31,,,0,,,1,,,0,,,0,,86646390,,,2011-09-01 00:00,2016-08-12 17:46,20,23
대전조,2,대전충남본부,,1987-06-10,,,1988-02-13,1987-06-10,9999-12-31,,,0,,,Y,,,0,,,,,86646390,,,2011-09-01 00:00,2011-09-01 00:00,,
신탄진,1,대전충남본부,,1991-02-01,,,,1991-02-01,9999-12-31,,,0,,,1,,,0,,,0,,"사유지, 전용선",,,2011-09-01 00:00,2016-08-12 17:26,10,11
신탄진,2,대전충남본부,,1985-07-18,,,,1985-07-18,9999-12-31,,,0,,,Y,,,0,,,,,"사유지, 전용선",,,2011-09-01 00:00,2011-09-01 00:00,,
신탄진,3,대전충남본부,,1987-11-05,,,,1987-11-05,9999-12-31,,,0,,,1,,,0,,,0,,"사유지, 전용선",,,2011-09-01 00:00,2016-08-12 17:26,5,12
흑석리,1,대전충남본부,,1989-10-04,,,1994-12-24,1989-10-04,9999-12-31,1994-12-24,2014-12-23,0,,,1,,,0,,,0,,"무상, 전용선",,,2011-09-01 00:00,2016-08-12 17:48,10,14
연무대,1,대전충남본부,,1994-10-24,,,1986-06-09,1994-10-24,9999-12-31,1986-06-09,2014-12-23,0,,,1,,,0,,,0,,"무상, 전용선",,,2011-09-01 00:00,2016-08-12 18:01,10,30
청주,1,대전충남본부,,1985-09-20,,,1986-06-09,1985-09-20,9999-12-31,,,0,,,1,3315,3315,0,,,3315,3315,42879360,,,2011-09-01 00:00,2016-08-12 17:50,10,19
음성,1,대전충남본부,,1990-04-07,,,1990-10-22,1990-04-07,9999-12-31,,,0,,,1,,,0,,,0,,무상(90.10.22 ~ 10.10.21),,,2011-09-01 00:00,2016-08-12 17:55,20,25
도안,1,대전충남본부,,1990-04-07,,,,1990-04-07,9999-12-31,,,0,,,0,,,N,,,0,,사유지,,,2011-09-01 00:00,2016-08-12 17:54,10,22
간치,1,대전충남본부,,1991-04-01,,,1991-08-28,1991-04-01,9999-12-31,1991-09-16,2011-09-15,0,,,1,,,0,,,0,,,,,2011-09-01 00:00,2016-08-12 18:00,10,18
신성,1,대전충남본부,,1991-12-14,,,,1991-12-14,9999-12-31,,,0,,,0,,,0,,,0,,"사유지, 전용선",,,2011-09-01 00:00,2016-08-12 17:57,21,20
옥마,1,대전충남본부,,1992-11-11,,,1993-07-12,1992-11-11,2015-08-06,1993-07-07,2013-07-06,N,,,N,,,N,,,,,,,,2011-09-01 00:00,2011-09-01 00:00,,
주평,1,경북본부,,1992-03-01,,,,1992-03-01,9999-12-31,,,0,,,0,,,0,,,,,"사유지, 전용선",,,2011-09-01 00:00,2011-09-01 00:00,,
쌍용,1,충북본부,,1959-03-01,,,,1959-03-01,2012-03-09,,,N,,,N,,,N,,,,,,,,2011-09-01 00:00,2011-09-01 00:00,,
주평,2,경북본부,,1959-03-01,,,,1959-03-01,9999-12-31,,,N,,,N,,,N,,,,,"사유지, 전용선",,,2011-09-01 00:00,2011-09-01 00:00,,
주평,3,경북본부,,2005-01-01,,,,2005-01-01,9999-12-31,,,N,,,N,,,N,,,,,"사유지, 전용선",,,2011-09-01 00:00,2011-09-01 00:00,,
주평,4,경북본부,,1959-03-01,,,,1959-03-01,9999-12-31,,,N,,,N,,,N,,,,,"사유지, 전용선",,,2011-09-01 00:00,2011-09-01 00:00,,
약목,1,대구본부,,1977-04-01,,,,1977-04-01,9999-12-31,,,0,,,0,,,0,,,,,"사유지, 전용선",,,2011-09-01 00:00,2024-02-26 17:44,,
신동,1,대구본부,,1989-07-13,,,,1989-07-13,9999-12-31,,,0,,,0,,,0,,,0,,"사유지, 전용선",,,2011-09-01 00:00,2016-08-12 10:17,10,277
괴동,1,대구본부,,1994-03-01,,,,1994-03-01,9999-12-31,,,0,,,0,,,Y,,,,,사유지,,,2011-09-01 00:00,2011-09-01 00:00,,
괴동,2,대구본부,,1994-03-01,,,,1994-03-01,9999-12-31,,,0,,,0,,,0,,,,,사유지,,,2011-09-01 00:00,2016-08-08 14:40,,
남문산,1,부산경남본부,,1983-10-17,,,1984-05-21,1983-10-17,2020-12-11,,,0,,,Y,,,0,,,,,2993350,,,2011-09-01 00:00,2011-09-01 00:00,,
고모기,1,대구본부,,2008-11-18,,,,2008-11-18,9999-12-31,,,Y,,,0,,,0,,,,,"공단부지, 전용선",,,2011-09-01 00:00,2011-09-01 00:00,,
한림정,1,부산경남본부,,1990-02-15,,,1988-08-30,1990-02-15,9999-12-31,,,0,,,0,348,348,0,,,348,348,15750000,,,2011-09-01 00:00,2023-10-19 16:50,,
한림정,2,부산경남본부,,1988-08-03,,,1990-11-24,1988-08-03,9999-12-31,,,0,,,1,761,761,0,,,761,761,24999600,,,2011-09-01 00:00,2023-10-19 16:50,,
한림정,3,부산경남본부,,,,,,2011-08-12,2023-10-20,,,0,,,0,,,Y,,,,,사유지,,,2011-09-01 00:00,2011-09-01 00:00,,
극락강,1,광주본부,,1986-12-16,,,1988-02-01,1986-12-16,9999-12-31,,,0,,,Y,,,0,,,,,3170400,,,2011-09-01 00:00,2011-09-01 00:00,,
극락강,2,광주본부,,1991-04-19,,,1992-01-09,1991-04-19,9999-12-31,1992-01-09,2012-01-09,0,,,Y,,,0,,,,,,,,2011-09-01 00:00,2011-09-01 00:00,,
장성,1,광주본부,,1973-02-28,,,,1973-02-28,2016-08-09,,,0,,,0,,,Y,,,,,"사유지, 전용선",,,2011-09-01 00:00,2011-09-01 00:00,,
여수,1,전남본부,,1969-08-01,,,,1969-08-01,2016-08-09,,,N,,,N,,,N,,,,,"사유지, 전용선",,,2011-09-01 00:00,2011-09-01 00:00,,
여수,2,전남본부,,1980-04-01,,,,1980-04-01,2016-08-09,,,N,,,N,,,N,,,,,305000000,,,2011-09-01 00:00,2011-09-01 00:00,,
부용,1,전북본부,,1984-06-26,,,1986-07-01,1984-06-26,9999-12-31,,,0,,,Y,,,0,,,,,305000000,,,2011-09-01 00:00,2011-09-01 00:00,,
북전주,1,전북본부,,1994-11-08,,,,1994-11-08,2023-12-31,,,0,,,0,,,1,13000,13000,13000,13000,"사유지, 전용선",,,2011-09-01 00:00,2024-02-26 10:21,,
북전주,2,전북본부,,1988-01-12,,,,1988-01-12,9999-12-31,,,0,,,0,,,Y,7900,7900,7900,7900,사유지,,,2011-09-01 00:00,2011-09-01 00:00,,
춘천,1,수도권동부본부,,1990-03-22,,,1990-04-25,1990-03-22,9999-12-31,,,N,,,N,,,N,,,,,7804490,,,2011-09-01 00:00,2011-09-01 00:00,,
무릉,1,경북본부,,1990-12-21,,,1990-12-21,1990-12-21,9999-12-31,1990-12-21,2010-12-20,0,,,1,,,0,,,,,무상(90.12.21 ~ 10.12.20),,,2011-09-01 00:00,2017-02-13 17:21,,
신녕,1,경북본부,,1992-12-30,,,1994-02-04,1992-12-30,9999-12-31,1994-02-04,2014-02-04,0,,,Y,,,0,,,,,,,,2011-09-01 00:00,2011-09-01 00:00,,
평은,1,경북본부,,1996-05-15,,,,1996-05-15,2014-09-19,,,0,,,0,,,Y,6864,6864,6864,6864,"사유지, 전용선",,,2011-09-01 00:00,2011-09-01 00:00,,
장성화,1,광주본부,,,2005-02-01,,,2005-02-01,9999-12-31,,,N,,,N,,,Y,89387,89387,89387,89387,,103000000,300,2011-09-01 00:00,2011-09-01 00:00,,
적량,1,전남본부,,,1990-03-01,,,1990-03-01,2016-08-18,,,N,,,Y,4800,4800,N,,,4800,4800,,770000000,18,2011-09-01 00:00,2011-09-01 00:00,,
조치원,1,대전충남본부,,,1994-08-19,,,1994-08-19,9999-12-31,,,N,0,,1,0,11976,Y,0,132,0,12108,,1369000000,31,2011-09-01 00:00,2016-08-08 10:34,,
충주,1,충북본부,,,2007-01-15,,,2007-01-15,9999-12-31,,,0,,,1,7664,7664,1,0,0,7664,7664,,617000000,28,2011-09-01 00:00,2023-10-18 17:16,,
태금,1,전남본부,,,1999-07-19,,,1999-07-19,2016-08-12,,,N,,,Y,7260,7260,N,,,7260,7260,,1190000000,26,2011-09-01 00:00,2011-09-01 00:00,,
옥천,1,대전충남본부,,,1996-01-03,,,1996-01-03,9999-12-31,,,0,,,1,2725,2725,0,,,2725,2725,,200000000,2,2011-09-01 00:00,2016-08-12 17:47,10,14
옥천,2,대전충남본부,,,1996-01-03,,,1996-01-03,9999-12-31,,,0,,,1,2724,2724,0,,,2724,2724,,200000000,2,2011-09-01 00:00,2023-10-18 16:15,,
송정리,1,광주본부,,,1996-11-26,,,1996-11-26,2016-08-18,,,N,,,Y,7124,7124,N,,,7124,7124,,341000000,24,2011-09-01 00:00,2011-09-01 00:00,,
송정리,2,광주본부,,,2003-11-01,,,2003-11-01,2016-08-18,,,N,,,Y,6116,6116,N,,,6116,6116,,310000000,21,2011-09-01 00:00,2011-09-01 00:00,,
매포,1,대전충남본부,,,2006-11-01,,,2006-11-01,2015-08-21,,,0,,,Y,5582,5804,0,,,5582,5804,,380000000,14,2011-09-01 00:00,2012-01-09 15:19,,
부강,1,대전충남본부,,,1994-01-14,,,1994-01-14,9999-12-31,,,0,,,1,0,3570,0,,,0,3570,,,13,2011-09-01 00:00,2016-08-12 17:14,15,18
부강,2,대전충남본부,,,2009-09-01,,,2009-09-01,9999-12-31,,,0,,,Y,,3443,0,,,0,3443,,,1234,2011-09-01 00:00,2016-05-16 14:58,,
북전주,1,전북본부,,,1968-08-01,,,1968-08-01,9999-12-31,,,N,,,N,,,Y,1650,1650,1650,1650,,637000000,16,2011-09-01 00:00,2011-09-01 00:00,,
북전주,2,전북본부,,,1996-10-01,,,1996-10-01,9999-12-31,,,N,,,N,,,Y,3350,3350,3350,3350,,814000000,25,2011-09-01 00:00,2011-09-01 00:00,,
약목,1,대구본부,,,2005-02-01,,,2005-02-01,2016-08-11,,,0,,,1,28632,28632,0,,,28632,28632,,165477600,100,2011-09-01 00:00,2016-08-11 18:56,33,470
약목,2,대구본부,,,1995-02-03,,,1995-02-03,2016-08-11,,,0,,,0,5051,7068,0,,,5051,7068,,50671200,20,2011-09-01 00:00,2016-08-11 18:52,6,117
의왕,1,수도권서부본부,제1터미널,,1984-07-20,,,1984-07-20,9999-12-31,,,N,,,Y,47258,47258,N,,,47258,47258,,4678000000,30676,2011-09-01 00:00,2011-09-01 00:00,,
의왕,2,수도권서부본부,제1터미널,,1984-07-20,,,1984-07-20,9999-12-31,,,N,,,Y,9134,9134,N,,,9134,9134,,700000000,5929,2011-09-01 00:00,2011-09-01 00:00,,
의왕,3,수도권서부본부,제1터미널,,1984-07-20,,,1984-07-20,9999-12-31,,,N,,,Y,9134,9134,N,,,9134,9134,,0,5929,2011-09-01 00:00,2011-09-01 00:00,,
의왕,4,수도권서부본부,제1터미널,,1984-07-20,,,1984-07-20,9999-12-31,,,0,,,1,7537,7537,0,,,7537,7537,,1345,4892,2011-09-01 00:00,2011-09-01 00:00,,
의왕,5,수도권서부본부,제1터미널,,1984-07-20,,,1984-07-20,9999-12-31,,,N,,,Y,6619,6619,N,,,6619,6619,,368000000,1384,2011-09-01 00:00,2011-09-01 00:00,,
의왕,6,수도권서부본부,제1터미널,,1984-07-20,,,1984-07-20,9999-12-31,,,N,,,Y,12615,12615,N,,,12615,12615,,200000000,8188,2011-09-01 00:00,2011-09-01 00:00,,
의왕,7,수도권서부본부,제1터미널,,1984-07-20,,,1984-07-20,9999-12-31,,,N,,,Y,27523,27523,N,,,27523,27523,,1695000000,17866,2011-09-01 00:00,2011-09-01 00:00,,
의왕,8,수도권서부본부,제1터미널,,1984-07-20,,,1984-07-20,9999-12-31,,,N,,,Y,54161,54161,N,,,54161,54161,,3352000000,35156,2011-09-01 00:00,2011-09-01 00:00,,
의왕,9,수도권서부본부,제1터미널,,1984-07-20,,,1984-07-20,9999-12-31,,,N,,,Y,40313,40313,N,,,40313,40313,,2000000000,29075,2011-09-01 00:00,2011-09-01 00:00,,
의왕,10,수도권서부본부,제1터미널,,1984-07-20,,,1984-07-20,9999-12-31,,,N,,,Y,46065,46065,N,,,46065,46065,,5892000000,29901,2011-09-01 00:00,2011-09-01 00:00,,
의왕,11,수도권서부본부,제1터미널,,1984-07-20,,,1984-07-20,9999-12-31,,,N,,,Y,13649,13649,N,,,13649,13649,,2074,8860,2011-09-01 00:00,2011-09-01 00:00,,
의왕,12,수도권서부본부,제2터미널,,1997-01-01,,,1997-01-01,9999-12-31,,,N,,,Y,62808,62808,N,,,62808,62808,,85000000,40769,2011-09-01 00:00,2011-09-01 00:00,,
의왕,13,수도권서부본부,제2터미널,,1997-01-01,,,1997-01-01,9999-12-31,,,N,,,Y,5864,5864,N,,,5864,5864,,400000000,3807,2011-09-01 00:00,2011-09-01 00:00,,
의왕,14,수도권서부본부,제2터미널,,1997-01-01,,,1997-01-01,9999-12-31,,,N,,,Y,42594,42594,N,,,42594,42594,,1387000000,27648,2011-09-01 00:00,2011-09-01 00:00,,
의왕,15,수도권서부본부,제2터미널,,1997-01-01,,,1997-01-01,9999-12-31,,,N,,,Y,19388,19388,N,,,19388,19388,,4543000000,12585,2011-09-01 00:00,2011-09-01 00:00,,
의왕,16,수도권서부본부,제2터미널,,1997-01-01,,,1997-01-01,9999-12-31,,,N,,,Y,14387,14387,N,,,14387,14387,,989000000,9336,2011-09-01 00:00,2011-09-01 00:00,,
청주,1,대전충남본부,,,1995-09-19,,,1995-09-19,2015-08-21,,,N,,,Y,8942,8942,N,,,8942,8942,,1194000000,30,2011-09-01 00:00,2011-09-01 00:00,,
의왕,17,수도권서부본부,,,2007-01-15,,,2007-01-15,9999-12-31,,,N,,,Y,7345,7345,N,,,7345,7345,,800000000,26,2011-09-01 00:00,2011-09-01 00:00,,
아포,2,대구본부,,,1998-07-13,,,1998-07-13,2011-05-31,,,N,,,Y,,4516,N,,,,4516,,,15180,2012-01-11 14:05,2012-01-11 14:05,,
괴동,1,대구본부,,,2009-09-01,,,2009-09-01,9999-12-31,,,N,,,0,,,Y,,12740,,12740,,,80,2012-01-11 14:22,2016-08-08 10:45,,
대지청,2,강원본부,,,,,2011-12-09,2011-12-02,2000-12-31,,,0,,,0,,,0,,,,,,,,2011-12-02 15:22,2011-12-02 15:24,,
괴동,1,대구본부,,,,2008-12-01,,2008-12-01,9999-12-31,,,0,,,0,,6495,0,,,6495,6495,37000000,,,2012-01-11 14:28,2016-08-08 14:50,,
괴동,2,대구본부,,,,2008-02-01,,2008-02-01,9999-12-31,,,0,,,0,,6578,0,,,6578,6578,4190890,,,2012-01-11 14:29,2016-08-15 08:31,,
괴동,3,대구본부,,,,2009-02-01,,2009-02-01,9999-12-31,,,0,,,0,,8473,0,,,8473,8473,70000000,,,2012-01-11 14:33,2012-01-11 15:21,,
괴동,4,대구본부,,,,2000-07-01,,2000-07-01,9999-12-31,,,0,,,0,,3156,0,,,3156,3156,,,,2012-01-11 14:41,2012-01-11 15:21,,
가천,1,대구본부,,2008-11-11,,,,2008-11-11,9999-12-31,,,0,,,0,,,0,,,,,"사유지,전용선",,,2012-01-11 15:28,2012-01-11 15:35,,
김천,1,대구본부,,,,1974-01-01,,1974-01-01,2016-08-10,,,0,,,0,,,0,,,0,12219,,,,2012-01-11 15:49,2016-08-10 13:11,15,213
조치원,1,대전충남본부,,,,1988-01-01,,2012-01-01,2012-12-31,,,,,,,,,,,,2000,20165,,4982400,,2012-06-22 14:12,2012-06-22 14:12,,
물금,1,부산경남본부,,,,,,2013-01-18,2013-01-17,,,,,,,,,,,,,,,,,2013-01-17 15:07,2013-01-17 15:07,,
물금,2,부산경남본부,,,,,,2013-01-17,2013-01-17,,,,,,,,,,,,224,224,,,,2013-01-17 15:09,2013-01-17 15:09,,
신탄진,1,대전충남본부,,,2013-05-09,,,2013-05-09,2015-08-06,,,0,,,0,4942,4942,0,,,4942,4942,,,,2013-06-13 14:04,2013-06-13 14:09,,
흥국사,1,전남본부,,,        ,,,2015-06-09,9999-12-31,,,0,,,Y,5618,5618,0,,,5618,5618,,,,2015-06-09 15:55,2023-10-13 09:07,,
흥국사,2,전남본부,,,,,,2015-06-09,2016-08-11,,,N,,,Y,2454,4090,N,,,2454,4090,,,,2015-06-09 15:55,2015-06-09 15:55,,
흥국사,3,전남본부,,,        ,,,2015-06-09,2015-06-10,,,N,,,Y,1636,4090,N,,,1636,4090,,,,2015-06-09 16:03,2015-06-09 16:03,,
흥국사,4,전남본부,,,,,,2015-06-09,2015-06-10,,,N,,,Y,2454,4090,N,,,2454,4090,,,,2015-06-09 16:03,2015-06-09 16:03,,
대전조,3,대전충남본부,,1998-09-14,,,1998-09-14,1998-09-14,9999-12-31,1998-09-14,2018-09-13,0,,,0,,,0,,,0,0,,,,2015-08-06 14:21,2019-01-25 16:32,,
대전조,4,대전충남본부,,1988-02-13,,,1988-02-13,1988-02-13,9999-12-31,1988-02-13,1998-02-13,0,,,0,,,0,,,0,0,,,,2015-08-06 14:28,2019-01-25 16:33,,
신탄진,2,대전충남본부,,,2013-05-09,,,2013-05-09,9999-12-31,,,0,,,1,8791,10190,0,,,8791,10190,,,,2015-08-12 18:48,2016-08-12 17:29,20,25
청주,2,대전충남본부,,,1995-09-19,,,1995-09-19,2015-08-29,,,N,,,Y,0,16287,N,,,0,16287,,,,2015-08-21 14:44,2015-08-21 14:44,,
매포,2,대전충남본부,,,2006-11-01,,,2006-11-01,9999-12-31,,,0,,,1,0,7240,0,,,0,7240,,,,2015-08-21 14:44,2016-08-12 17:16,14,14
청주,3,대전충남본부,,,1995-09-19,,,1995-09-19,9999-12-31,,,0,,,1,0,18029,0,,,0,18029,,,,2015-08-29 17:36,2016-08-12 17:52,15,18
의왕,18,수도권서부본부,,,2016-07-25,,,2016-07-25,2016-07-26,,,N,,,Y,30,100,Y,20,100,50,200,,,1,2016-07-26 10:55,2016-07-26 10:55,23,3
문수,1,경북본부,,,2013-10-01,,,2013-10-01,9999-12-31,,,0,,,0,3330,3330,0,,,3330,3330,,33406800,27,2016-08-01 14:59,2016-08-01 15:43,10,27
석포,1,경북본부,,,,2008-06-03,,2008-06-03,2028-06-02,,,0,,,0,,2040,0,,,2040,2040,,,,2016-08-02 09:37,2016-08-04 11:15,,
도담,1,충북본부,,,,,,2016-01-01,2016-12-31,,,0,,,0,,,0,,,731,731,,45484500,,2016-08-02 13:41,2016-08-02 13:45,,
괴동,3,대구본부,,,,,,2016-08-08,9999-12-31,,,N,,,N,,,N,,,,,,,,2016-08-08 14:39,2016-08-08 14:39,,
괴동,5,대구본부,,,,2015-07-17,,2015-07-17,9999-12-31,,,0,,,0,,4749,0,,,4749,4749,7135810,,,2016-08-08 14:58,2016-08-15 19:49,,
온산,4,부산경남본부,,,,,,2016-08-08,2016-08-23,,,N,,,Y,158,158,N,,,158,158,,,,2016-08-08 16:42,2016-08-08 16:42,,
온산,5,부산경남본부,,,,,,2016-08-08,2016-08-23,,,N,,,Y,158,158,N,,,158,158,,,,2016-08-08 16:44,2016-08-08 16:44,,
온산,1,부산경남본부,,,,,,2013-11-18,9999-12-31,,,0,,,0,,,0,,,1338,1338,,,,2016-08-08 17:12,2016-08-08 17:15,,
온산,2,부산경남본부,,,,2013-11-18,,2013-11-18,9999-12-31,,,,,,,,,,,,414,414,,,,2016-08-08 17:15,2016-08-08 17:15,,
온산,3,부산경남본부,,,,2013-11-18,,2013-11-18,9999-12-31,,,,,,,,,,,,1338,1338,,,,2016-08-08 17:16,2016-08-08 17:16,,
신창원,1,부산경남본부,,,,2004-10-21,,2004-10-21,9999-12-31,,,0,,,0,,,0,,,14320,14320,,,,2016-08-08 17:31,2016-08-08 17:33,,
신창원,3,부산경남본부,,,,,,2004-10-21,9999-12-31,,,N,,,Y,5303,19623,N,,,5303,19623,,,,2016-08-08 17:32,2016-08-08 17:32,,
부산진,1,부산경남본부,,,,2007-11-01,,2007-11-01,9999-12-31,,,0,,,0,,,0,,,6727,6727,,,,2016-08-08 17:43,2016-08-08 17:44,,
부산신,1,부산경남본부,,,,2012-11-19,,2016-08-08,9999-12-31,,,,,,,,,,,,3608,3608,,,,2016-08-08 18:15,2016-08-08 18:15,,
부산신,2,부산경남본부,,,,2012-11-19,,2016-08-08,2016-08-23,,,,,,,,,,,,3608,3608,,,,2016-08-08 18:16,2016-08-08 18:16,,
부산신,3,부산경남본부,,,,2012-11-21,,2012-11-19,2016-08-23,,,0,,,0,,,0,,,3608,3608,,,,2016-08-08 18:18,2016-08-08 18:20,,
부산신,1,부산경남본부,,,2012-11-01,,,2012-11-01,2027-11-20,,,N,,,Y,17210,17210,N,,,17210,17210,,,,2016-08-08 18:20,2016-08-08 18:20,,
괴동,1,대구본부,,,,,,2008-07-01,2016-08-15,,,,,,,,,,,,98,98,,,,2016-08-08 19:07,2016-08-08 19:07,,
괴동,2,대구본부,,,,2000-07-01,,2000-07-01,2016-08-15,,,,,,,,,,,,279,279,,,,2016-08-08 19:15,2016-08-08 19:15,,
동해,1,강원본부,,,2013-05-06,,,2013-05-06,2016-08-07,,,0,,,1,1610,1611,0,,,1610,1611,,,3000,2016-08-09 16:17,2016-08-09 16:23,,
동해,1,강원본부,,,,2000-02-17,,2000-02-18,9999-12-31,,,0,,,0,,2414,0,,,2414,2414,,,,2016-08-10 15:13,2016-08-10 16:39,,
동해,2,강원본부,,,2013-05-06,,,2013-05-06,9999-12-31,,,0,,,0,1610,1610,0,,,1610,1610,,,3000,2016-08-10 16:07,2016-08-10 16:31,,
약목,1,대구본부,,,,1995-02-03,,1995-02-03,2016-08-11,,,,,,,,,,,,48,48,,40100,,2016-08-11 10:20,2016-08-11 10:20,,
약목,2,대구본부,,,,,,2016-08-01,9999-12-31,,,0,,,0,,,0,,,27,27,,22600,,2016-08-11 18:46,2016-08-11 18:47,,
괴동,6,대구본부,,,,2008-12-01,,2016-08-15,9999-12-31,,,,,,,,,,,,6578,6578,4190890,,,2016-08-15 08:30,2016-08-15 08:30,40,35
괴동,7,대구본부,,,,2015-07-17,,2016-08-15,9999-12-31,,,,,,,,,,,,4749,4749,7135810,,,2016-08-15 19:47,2016-08-15 19:47,60,35
괴동,3,대구본부,사무실,,,2000-08-01,,2016-08-15,9999-12-31,,,,,,,,,,,,30,30,,,,2016-08-15 20:00,2016-08-15 20:00,,
괴동,1,대구본부,야적하치장-7-1,,,2016-08-15,,2016-08-15,9999-12-31,,,,,,,,,,,,10,10,,,,2016-08-15 20:05,2016-08-15 20:05,,
괴동,2,대구본부,1,,,2016-08-15,,2016-08-15,9999-12-31,,,,,,,,,,,,10,100,,,,2016-08-15 20:08,2016-08-15 20:08,,
하남,1,광주본부,,,2013-08-01,,,2013-08-01,2016-08-19,,,0,,,1,0,0,1,27837,33935,27837,33935,,,20,2016-08-19 13:45,2016-08-19 13:46,,
약목,3,대구본부,,,,,,2016-08-22,2016-08-23,,,N,,,N,,,N,,,,,,,,2016-08-22 16:59,2016-08-22 16:59,,
약목,4,대구본부,,,,,,2016-08-20,2016-08-22,,,0,,,0,,,0,,,,,,,,2016-08-22 17:00,2016-08-23 09:10,,
약목,5,대구본부,,,,,,1995-09-01,9999-12-31,,,0,,,1,7436,7436,0,,,7436,7436,,51152400,,2016-08-22 17:02,2016-08-22 17:12,,
약목,6,대구본부,,,2005-02-01,,,2005-02-01,2199-12-31,,,0,,,Y,16495,28572,0,,,16495,28572,,110472000,,2016-08-22 17:46,2016-08-22 19:02,,
신광양,1,전남본부,,,2010-07-08,,,2010-07-08,9999-12-31,,,N,,,N,,,Y,33000,33000,33000,33000,,,382,2016-08-23 18:41,2016-08-23 18:41,310,
부산진,4,부산경남본부,,,2008-08-01,,,2008-08-01,2016-08-29,,,N,,,N,,,Y,2286,2286,2286,2286,,,,2016-08-29 16:21,2016-08-29 16:21,,
부산진,5,부산경남본부,,,,,,2011-08-01,2016-08-29,,,N,,,N,,,Y,3452,3452,3452,3452,,,,2016-08-29 16:24,2016-08-29 16:24,,
부산진,6,부산경남본부,,,,,,2013-08-01,2016-08-29,,,N,,,N,,,Y,4221,4221,4221,4221,,,,2016-08-29 16:26,2016-08-29 16:26,,
부산진,7,부산경남본부,,,,,,2016-08-29,9999-12-31,,,0,,,0,,,1,2286,2286,2286,2286,,,,2016-08-29 16:28,2016-08-31 13:32,,
부산진,8,부산경남본부,,,,,,2016-08-29,9999-12-31,,,0,,,N,,,Y,3452,3452,3452,3452,,,,2016-08-29 16:29,2016-08-31 13:36,,
부산진,9,부산경남본부,,,,,,2016-08-29,9999-12-31,,,N,,,N,,,Y,8360,8360,8360,8360,,,,2016-08-29 16:45,2016-08-29 16:45,,
부산진,1,부산경남본부,,,,,,2016-08-29,9999-12-31,,,,,,,,,,,,36,36,,,,2016-08-29 17:04,2016-08-29 17:04,,
부산진,1,부산경남본부,,,,,,2013-08-01,9999-12-31,,,0,,,0,,,0,,,576,576,,,,2016-08-31 13:30,2016-08-31 13:31,,
부산진,10,부산경남본부,,,,,,2016-06-01,9999-12-31,,,N,,,N,,,Y,4221,4221,4221,4221,,,,2016-08-31 13:34,2016-08-31 13:34,,
부산진,2,부산경남본부,,,,,,2016-06-01,9999-12-31,,,,,,,,,,,,648,648,,,,2016-08-31 13:48,2016-08-31 13:48,,
부산진,11,부산경남본부,,,,,,2014-08-01,9999-12-31,,,N,,,N,,,Y,405,405,405,405,,,,2016-08-31 13:50,2016-08-31 13:50,,
부산진,2,부산경남본부,,,,,,2016-09-05,9999-12-31,,,,,,,,,,,,431,431,,,,2016-09-05 10:09,2016-09-05 10:09,,
부산진,3,부산경남본부,,,,,,2014-09-01,9999-12-31,,,,,,,,,,,,431,431,,,,2016-09-05 10:10,2016-09-05 10:10,,
부산진,12,부산경남본부,,,,,,2015-09-01,9999-12-31,,,N,,,N,,,Y,939,939,939,939,,,,2016-09-05 10:12,2016-09-05 10:12,,
부산진,13,부산경남본부,,,,,,2015-09-01,9999-12-31,,,N,,,N,,,Y,2082,2082,2082,2082,,,,2016-09-05 10:14,2016-09-05 10:14,,
부산진,14,부산경남본부,,,,,,2015-09-01,9999-12-31,,,N,,,N,,,Y,2584,2584,2584,2584,,,,2016-09-05 10:17,2016-09-05 10:17,,
부산진,15,부산경남본부,,,,,,2015-09-01,9999-12-31,,,N,,,N,,,Y,306,306,306,306,,,,2016-09-05 10:19,2016-09-05 10:19,,
부산진,3,부산경남본부,,,,,,2015-09-01,9999-12-31,,,,,,,,,,,,4800,4800,,,,2016-09-05 10:26,2016-09-05 10:26,,
부산진,4,부산경남본부,,,,,,2016-08-01,9999-12-31,,,,,,,,,,,,4820,4820,,,,2016-09-05 10:27,2016-09-05 10:27,,
부산진,5,부산경남본부,,,,,,2015-09-01,9999-12-31,,,,,,,,,,,,7594,7594,,,,2016-09-05 10:34,2016-09-05 10:34,,
부산진,6,부산경남본부,,,,,,2015-09-01,9999-12-31,,,,,,,,,,,,10566,10566,,,,2016-09-05 11:35,2016-09-05 11:35,,
의왕,7,수도권서부본부,,,,,,2019-01-01,2023-12-31,,,0,,,0,,,0,,,,,,,,2019-08-29 14:19,2024-02-26 10:21,,
신탄진,3,대전충남본부,,,2019-10-01,,,2019-10-01,9999-12-31,,,0,,,1,,750,0,,,,750,,,,2019-10-29 18:29,2019-10-29 18:32,,
장항,1,대전충남본부,,,,,,2023-10-18,9999-12-31,,,,,,,,,,,,3312,3312,,,,2023-10-18 16:14,2023-10-18 16:14,,
영주,1,경북본부,,,2023-07-03,,,2023-07-03,9999-12-31,,,0,,,1,8188,8188,0,,,8188,8188,,1086800000,12,2023-10-19 13:52,2024-02-05 14:13,20,29
수색,3,서울본부,,,,,,2023-01-01,2023-10-25,,,N,,,N,,,N,,,,,158125000,,,2023-10-25 09:11,2023-10-25 09:11,,
