세그먼트코드,적용시작일자,역명,적용종료일자,이력구분,역일련번호,세그먼트누적거리,최초등록일시,최종변경일시
100,1900-01-01,서울,9999-12-31,신규 ,1,0,2011-12-13 00:00,2011-12-13 00:00
100,1900-01-01,용산,9999-12-31,신규 ,2,3.2,2011-12-13 00:00,2011-12-13 00:00
103,1900-01-01,용산,9999-12-31,신규 ,1,0,2011-12-13 00:00,2011-12-13 00:00
103,1900-01-01,노량진,9999-12-31,신규 ,2,2.6,2011-12-13 00:00,2011-12-13 00:00
106,1900-01-01,노량진,9999-12-31,신규 ,1,0,2011-12-13 00:00,2011-12-13 00:00
106,1900-01-01,대방,9999-12-31,신규 ,2,1.5,2011-12-13 00:00,2011-12-13 00:00
106,1900-01-01,신길,9999-12-31,신규 ,3,2.3,2011-12-13 00:00,2011-12-13 00:00
106,1900-01-01,영등포,9999-12-31,신규 ,4,3.3,2011-12-13 00:00,2011-12-13 00:00
109,1900-01-01,영등포,9999-12-31,신규 ,1,0,2011-12-13 00:00,2011-12-13 00:00
109,1900-01-01,신도림,9999-12-31,신규 ,2,1.5,2011-12-13 00:00,2011-12-13 00:00
109,1900-01-01,구로,9999-12-31,신규 ,3,2.6,2011-12-13 00:00,2011-12-13 00:00
112,1900-01-01,구로,9999-12-31,신규 ,1,0,2011-12-13 00:00,2011-12-13 00:00
112,1900-01-01,가리봉,9999-12-31,신규 ,2,2.4,2011-12-13 00:00,2011-12-13 00:00
112,1900-01-01,독산,9999-12-31,신규 ,3,4.4,2011-12-13 00:00,2011-12-13 00:00
112,1900-01-01,시흥,9999-12-31,신규 ,4,5.6,2011-12-13 00:00,2011-12-13 00:00
115,1900-01-01,시흥,9999-12-31,신규 ,1,0,2011-12-13 00:00,2011-12-13 00:00
115,1900-01-01,석수,9999-12-31,신규 ,2,2.3,2011-12-13 00:00,2011-12-13 00:00
115,1900-01-01,관악,9999-12-31,신규 ,3,4.2,2011-12-13 00:00,2011-12-13 00:00
115,1900-01-01,안양,9999-12-31,신규 ,4,6.6,2011-12-13 00:00,2011-12-13 00:00
115,1900-01-01,명학,9999-12-31,신규 ,5,8.8,2011-12-13 00:00,2011-12-13 00:00
115,1900-01-01,금정,9999-12-31,신규 ,6,10.2,2011-12-13 00:00,2011-12-13 00:00
118,1900-01-01,금정,9999-12-31,신규 ,1,0,2011-12-13 00:00,2011-12-13 00:00
118,1900-01-01,군포,9999-12-31,신규 ,2,2.2,2011-12-13 00:00,2011-12-13 00:00
118,1900-01-01,당정,9999-12-31,신규 ,3,3.8,2011-12-13 00:00,2011-12-13 00:00
118,1900-01-01,부곡,9999-12-31,신규 ,4,6.4,2011-12-13 00:00,2011-12-13 00:00
118,1900-01-01,성균관대,9999-12-31,신규 ,5,9.3,2011-12-13 00:00,2011-12-13 00:00
118,1900-01-01,화서,9999-12-31,신규 ,6,11.9,2011-12-13 00:00,2011-12-13 00:00
118,1900-01-01,수원,9999-12-31,신규 ,7,14,2011-12-13 00:00,2011-12-13 00:00
121,1900-01-01,수원,9999-12-31,신규 ,1,0,2011-12-13 00:00,2011-12-13 00:00
121,1900-01-01,세류,9999-12-31,신규 ,2,2.9,2011-12-13 00:00,2011-12-13 00:00
124,1900-01-01,세류,9999-12-31,신규 ,1,0,2011-12-13 00:00,2011-12-13 00:00
124,1900-01-01,병점,9999-12-31,신규 ,2,4.3,2011-12-13 00:00,2011-12-13 00:00
127,1900-01-01,병점,9999-12-31,신규 ,1,0,2011-12-13 00:00,2011-12-13 00:00
127,1900-01-01,세마,9999-12-31,신규 ,2,2.4,2011-12-13 00:00,2011-12-13 00:00
127,1900-01-01,오산대,9999-12-31,신규 ,3,5.1,2011-12-13 00:00,2011-12-13 00:00
130,1900-01-01,오산대,9999-12-31,신규 ,1,0,2011-12-13 00:00,2011-12-13 00:00
130,1900-01-01,오산,9999-12-31,신규 ,2,2.7,2011-12-13 00:00,2011-12-13 00:00
133,1900-01-01,오산,9999-12-31,신규 ,1,0,2011-12-13 00:00,2011-12-13 00:00
133,1900-01-01,진위,9999-12-31,신규 ,2,4,2011-12-13 00:00,2011-12-13 00:00
133,1900-01-01,송탄,9999-12-31,신규 ,3,7.8,2011-12-13 00:00,2011-12-13 00:00
133,1900-01-01,서정리,9999-12-31,신규 ,4,10,2011-12-13 00:00,2011-12-13 00:00
133,1900-01-01,지제,9999-12-31,신규 ,5,14.8,2011-12-13 00:00,2011-12-13 00:00
133,1900-01-01,평택,9999-12-31,신규 ,6,18.5,2011-12-13 00:00,2011-12-13 00:00
136,1900-01-01,평택,9999-12-31,신규 ,1,0,2011-12-13 00:00,2011-12-13 00:00
136,1900-01-01,성환,9999-12-31,신규 ,2,9.4,2011-12-13 00:00,2011-12-13 00:00
136,1900-01-01,직산,9999-12-31,신규 ,3,14.8,2011-12-13 00:00,2011-12-13 00:00
136,1900-01-01,두정,9999-12-31,신규 ,4,18.6,2011-12-13 00:00,2011-12-13 00:00
136,1900-01-01,천안,9999-12-31,신규 ,5,21.6,2011-12-13 00:00,2011-12-13 00:00
200,1900-01-01,회기,9999-12-31,신규 ,1,0,2011-12-13 00:00,2011-12-13 00:00
200,1900-01-01,중랑,9999-12-31,신규 ,2,1.8,2011-12-13 00:00,2011-12-13 00:00
200,1900-01-01,상봉,9999-12-31,신규 ,3,2.6,2011-12-13 00:00,2011-12-13 00:00
203,1900-01-01,상봉,9999-12-31,신규 ,1,0,2011-12-13 00:00,2011-12-13 00:00
203,1900-01-01,망우,9999-12-31,신규 ,2,0.6,2011-12-13 00:00,2011-12-13 00:00
206,1900-01-01,망우,9999-12-31,신규 ,1,0,2011-12-13 00:00,2011-12-13 00:00
206,1900-01-01,양원역,9999-12-31,신규 ,2,1.7,2011-12-13 00:00,2011-12-13 00:00
206,1900-01-01,구리,9999-12-31,신규 ,3,4.9,2011-12-13 00:00,2011-12-13 00:00
206,1900-01-01,도농,9999-12-31,신규 ,4,6.6,2011-12-13 00:00,2011-12-13 00:00
206,1900-01-01,양정역,9999-12-31,신규 ,5,10.3,2011-12-13 00:00,2011-12-13 00:00
206,1900-01-01,덕소,9999-12-31,신규 ,6,12.6,2011-12-13 00:00,2011-12-13 00:00
209,1900-01-01,덕소,9999-12-31,신규 ,1,0,2011-12-13 00:00,2011-12-13 00:00
209,1900-01-01,도심,9999-12-31,신규 ,2,1.5,2011-12-13 00:00,2011-12-13 00:00
209,1900-01-01,팔당,9999-12-31,신규 ,3,5.7,2011-12-13 00:00,2011-12-13 00:00
212,1900-01-01,팔당,9999-12-31,신규 ,1,0,2011-12-13 00:00,2011-12-13 00:00
212,1900-01-01,능내,9999-12-31,신규 ,2,6.4,2011-12-13 00:00,2011-12-13 00:00
212,1900-01-01,양수,9999-12-31,신규 ,3,8.3,2011-12-13 00:00,2011-12-13 00:00
215,1900-01-01,양수,9999-12-31,신규 ,1,0,2011-12-13 00:00,2011-12-13 00:00
215,1900-01-01,신원,9999-12-31,신규 ,2,4.7,2011-12-13 00:00,2011-12-13 00:00
215,1900-01-01,국수,9999-12-31,신규 ,3,7.6,2011-12-13 00:00,2011-12-13 00:00
218,1900-01-01,국수,9999-12-31,신규 ,1,0,2011-12-13 00:00,2011-12-13 00:00
218,1900-01-01,아신,9999-12-31,신규 ,2,4.1,2011-12-13 00:00,2011-12-13 00:00
218,1900-01-01,오빈,9999-12-31,신규 ,3,6.9,2011-12-13 00:00,2011-12-13 00:00
218,1900-01-01,양평,9999-12-31,신규 ,4,9.1,2011-12-13 00:00,2011-12-13 00:00
221,1900-01-01,양평,9999-12-31,신규 ,1,0,2011-12-13 00:00,2011-12-13 00:00
221,1900-01-01,원덕,9999-12-31,신규 ,2,5.8,2011-12-13 00:00,2011-12-13 00:00
221,1900-01-01,용문,9999-12-31,신규 ,3,10.6,2011-12-13 00:00,2011-12-13 00:00
600,1900-01-01,구로,9999-12-31,신규 ,1,0,2011-12-13 00:00,2011-12-13 00:00
600,1900-01-01,구일,9999-12-31,신규 ,2,1.4,2011-12-13 00:00,2011-12-13 00:00
600,1900-01-01,개봉,9999-12-31,신규 ,3,2.4,2011-12-13 00:00,2011-12-13 00:00
600,1900-01-01,오류동,9999-12-31,신규 ,4,3.7,2011-12-13 00:00,2011-12-13 00:00
603,1900-01-01,오류동,9999-12-31,신규 ,1,0,2011-12-13 00:00,2011-12-13 00:00
603,1900-01-01,온수,9999-12-31,신규 ,2,1.9,2011-12-13 00:00,2011-12-13 00:00
603,1900-01-01,역곡,9999-12-31,신규 ,3,3.2,2011-12-13 00:00,2011-12-13 00:00
603,1900-01-01,소사,9999-12-31,신규 ,4,4.7,2011-12-13 00:00,2011-12-13 00:00
606,1900-01-01,소사,9999-12-31,신규 ,1,0,2011-12-13 00:00,2011-12-13 00:00
606,1900-01-01,부천,9999-12-31,신규 ,2,1.1,2011-12-13 00:00,2011-12-13 00:00
609,1900-01-01,부천,9999-12-31,신규 ,1,0,2011-12-13 00:00,2011-12-13 00:00
609,1900-01-01,중동,9999-12-31,신규 ,2,1.7,2011-12-13 00:00,2011-12-13 00:00
612,1900-01-01,중동,9999-12-31,신규 ,1,0,2011-12-13 00:00,2011-12-13 00:00
612,1900-01-01,송내,9999-12-31,신규 ,2,1,2011-12-13 00:00,2011-12-13 00:00
612,1900-01-01,부개,9999-12-31,신규 ,3,2.2,2011-12-13 00:00,2011-12-13 00:00
612,1900-01-01,부평,9999-12-31,신규 ,4,3.7,2011-12-13 00:00,2011-12-13 00:00
615,1900-01-01,부평,9999-12-31,신규 ,1,0,2011-12-13 00:00,2011-12-13 00:00
615,1900-01-01,백운,9999-12-31,신규 ,2,1.7,2011-12-13 00:00,2011-12-13 00:00
615,1900-01-01,동암,9999-12-31,신규 ,3,3.2,2011-12-13 00:00,2011-12-13 00:00
615,1900-01-01,간석,9999-12-31,신규 ,4,4.4,2011-12-13 00:00,2011-12-13 00:00
615,1900-01-01,주안,9999-12-31,신규 ,5,5.6,2011-12-13 00:00,2011-12-13 00:00
618,1900-01-01,주안,9999-12-31,신규 ,1,0,2011-12-13 00:00,2011-12-13 00:00
618,1900-01-01,도화,9999-12-31,신규 ,2,1,2011-12-13 00:00,2011-12-13 00:00
618,1900-01-01,제물포,9999-12-31,신규 ,3,2,2011-12-13 00:00,2011-12-13 00:00
618,1900-01-01,도원,9999-12-31,신규 ,4,3.4,2011-12-13 00:00,2011-12-13 00:00
618,1900-01-01,동인천,9999-12-31,신규 ,5,4.6,2011-12-13 00:00,2011-12-13 00:00
621,1900-01-01,동인천,9999-12-31,신규 ,1,0,2011-12-13 00:00,2011-12-13 00:00
621,1900-01-01,인천,9999-12-31,신규 ,2,1.9,2011-12-13 00:00,2011-12-13 00:00
800,1900-01-01,천안,9999-12-31,신규 ,1,0,2011-12-13 00:00,2011-12-13 00:00
800,1900-01-01,봉명,9999-12-31,신규 ,2,1.3,2011-12-13 00:00,2011-12-13 00:00
800,1900-01-01,쌍용동,9999-12-31,신규 ,3,2.9,2011-12-13 00:00,2011-12-13 00:00
800,1900-01-01,아산,9999-12-31,신규 ,4,4.5,2011-12-13 00:00,2011-12-13 00:00
803,1900-01-01,아산,9999-12-31,신규 ,1,0,2011-12-13 00:00,2011-12-13 00:00
803,1900-01-01,모산,9999-12-31,신규 ,2,4.9,2011-12-13 00:00,2011-12-13 00:00
803,1900-01-01,온양온천,9999-12-31,신규 ,3,9.8,2011-12-13 00:00,2011-12-13 00:00
806,1900-01-01,온양온천,9999-12-31,신규 ,1,0,2011-12-13 00:00,2011-12-13 00:00
806,1900-01-01,신창,9999-12-31,신규 ,2,5.1,2011-12-13 00:00,2011-12-13 00:00
1100,1900-01-01,서울,9999-12-31,신규 ,1,0,2011-12-13 00:00,2011-12-13 00:00
1100,1900-01-01,신촌,9999-12-31,신규 ,2,3.1,2011-12-13 00:00,2011-12-13 00:00
1100,1900-01-01,가좌,9999-12-31,신규 ,3,5.8,2011-12-13 00:00,2011-12-13 00:00
1100,1900-01-01,디엠시,9999-12-31,신규 ,4,7.5,2011-12-13 00:00,2011-12-13 00:00
1103,1900-01-01,디엠시,9999-12-31,신규 ,1,0,2011-12-13 00:00,2011-12-13 00:00
1103,1900-01-01,수색,9999-12-31,신규 ,2,0.6,2011-12-13 00:00,2011-12-13 00:00
1103,1900-01-01,화전,9999-12-31,신규 ,3,4,2011-12-13 00:00,2011-12-13 00:00
1103,1900-01-01,행신,9999-12-31,신규 ,4,7.4,2011-12-13 00:00,2011-12-13 00:00
1103,1900-01-01,능곡,9999-12-31,신규 ,5,8.9,2011-12-13 00:00,2011-12-13 00:00
1106,1900-01-01,능곡,9999-12-31,신규 ,1,0,2011-12-13 00:00,2011-12-13 00:00
1106,1900-01-01,대곡,9999-12-31,신규 ,2,1.8,2011-12-13 00:00,2011-12-13 00:00
1109,1900-01-01,대곡,9999-12-31,신규 ,1,0,2011-12-13 00:00,2011-12-13 00:00
1109,1900-01-01,곡산,9999-12-31,신규 ,2,1.7,2011-12-13 00:00,2011-12-13 00:00
1109,1900-01-01,백마,9999-12-31,신규 ,3,3.3,2011-12-13 00:00,2011-12-13 00:00
1109,1900-01-01,풍산,9999-12-31,신규 ,4,5,2011-12-13 00:00,2011-12-13 00:00
1109,1900-01-01,일산,9999-12-31,신규 ,5,6.9,2011-12-13 00:00,2011-12-13 00:00
1109,1900-01-01,탄현,9999-12-31,신규 ,6,8.6,2011-12-13 00:00,2011-12-13 00:00
1109,1900-01-01,운정,9999-12-31,신규 ,7,12.2,2011-12-13 00:00,2011-12-13 00:00
1109,1900-01-01,금릉,9999-12-31,신규 ,8,15.3,2011-12-13 00:00,2011-12-13 00:00
1112,1900-01-01,금릉,9999-12-31,신규 ,1,0,2011-12-13 00:00,2011-12-13 00:00
1112,1900-01-01,금촌,9999-12-31,신규 ,2,2.1,2011-12-13 00:00,2011-12-13 00:00
1115,1900-01-01,금촌,9999-12-31,신규 ,1,0,2011-12-13 00:00,2011-12-13 00:00
1115,1900-01-01,월롱,9999-12-31,신규 ,2,4.1,2011-12-13 00:00,2011-12-13 00:00
1115,1900-01-01,파주,9999-12-31,신규 ,3,6.3,2011-12-13 00:00,2011-12-13 00:00
1115,1900-01-01,문산,9999-12-31,신규 ,4,10.7,2011-12-13 00:00,2011-12-13 00:00
1300,1900-01-01,용산,9999-12-31,신규 ,1,0,2011-12-13 00:00,2011-12-13 00:00
1300,1900-01-01,이촌,9999-12-31,신규 ,2,1.9,2011-12-13 00:00,2011-12-13 00:00
1300,1900-01-01,서빙고,9999-12-31,신규 ,3,3.6,2011-12-13 00:00,2011-12-13 00:00
1303,1900-01-01,서빙고,9999-12-31,신규 ,1,0,2011-12-13 00:00,2011-12-13 00:00
1303,1900-01-01,한남,9999-12-31,신규 ,2,1.9,2011-12-13 00:00,2011-12-13 00:00
1303,1900-01-01,옥수,9999-12-31,신규 ,3,3.5,2011-12-13 00:00,2011-12-13 00:00
1303,1900-01-01,응봉,9999-12-31,신규 ,4,5.3,2011-12-13 00:00,2011-12-13 00:00
1303,1900-01-01,왕십리,9999-12-31,신규 ,5,6.7,2011-12-13 00:00,2011-12-13 00:00
1303,1900-01-01,청량리,9999-12-31,신규 ,6,9.1,2011-12-13 00:00,2011-12-13 00:00
1306,1900-01-01,청량리,9999-12-31,신규 ,1,0,2011-12-13 00:00,2011-12-13 00:00
1306,1900-01-01,회기,9999-12-31,신규 ,2,1.4,2011-12-13 00:00,2011-12-13 00:00
1309,1900-01-01,회기,9999-12-31,신규 ,1,0,2011-12-13 00:00,2011-12-13 00:00
1309,1900-01-01,외대앞,9999-12-31,신규 ,2,0.8,2011-12-13 00:00,2011-12-13 00:00
1309,1900-01-01,신이문,9999-12-31,신규 ,3,1.6,2011-12-13 00:00,2011-12-13 00:00
1312,1900-01-01,신이문,9999-12-31,신규 ,1,0,2011-12-13 00:00,2011-12-13 00:00
1312,1900-01-01,석계,9999-12-31,신규 ,2,1.4,2011-12-13 00:00,2011-12-13 00:00
1312,1900-01-01,성북,9999-12-31,신규 ,3,2.5,2011-12-13 00:00,2011-12-13 00:00
1315,1900-01-01,성북,9999-12-31,신규 ,1,0,2011-12-13 00:00,2011-12-13 00:00
1315,1900-01-01,월계,9999-12-31,신규 ,2,1.1,2011-12-13 00:00,2011-12-13 00:00
1315,1900-01-01,녹천,9999-12-31,신규 ,3,2.5,2011-12-13 00:00,2011-12-13 00:00
1315,1900-01-01,창동,9999-12-31,신규 ,4,3.5,2011-12-13 00:00,2011-12-13 00:00
1318,1900-01-01,창동,9999-12-31,신규 ,1,0,2011-12-13 00:00,2011-12-13 00:00
1318,1900-01-01,방학,9999-12-31,신규 ,2,1.7,2011-12-13 00:00,2011-12-13 00:00
1318,1900-01-01,도봉,9999-12-31,신규 ,3,3,2011-12-13 00:00,2011-12-13 00:00
1318,1900-01-01,도봉산,9999-12-31,신규 ,4,4.2,2011-12-13 00:00,2011-12-13 00:00
1318,1900-01-01,망월사,9999-12-31,신규 ,5,6.5,2011-12-13 00:00,2011-12-13 00:00
1318,1900-01-01,회룡,9999-12-31,신규 ,6,7.9,2011-12-13 00:00,2011-12-13 00:00
1318,1900-01-01,의정부,9999-12-31,신규 ,7,9.5,2011-12-13 00:00,2011-12-13 00:00
1321,1900-01-01,의정부,9999-12-31,신규 ,1,0,2011-12-13 00:00,2011-12-13 00:00
1321,1900-01-01,의정북부,9999-12-31,신규 ,2,1.2,2011-12-13 00:00,2011-12-13 00:00
1321,1900-01-01,녹양,9999-12-31,신규 ,3,2.5,2011-12-13 00:00,2011-12-13 00:00
1321,1900-01-01,주내,9999-12-31,신규 ,4,4.1,2011-12-13 00:00,2011-12-13 00:00
1324,1900-01-01,주내,9999-12-31,신규 ,1,0,2011-12-13 00:00,2011-12-13 00:00
1324,1900-01-01,마전,9999-12-31,신규 ,2,2.2,2011-12-13 00:00,2011-12-13 00:00
1324,1900-01-01,덕계,9999-12-31,신규 ,3,5.3,2011-12-13 00:00,2011-12-13 00:00
1324,1900-01-01,덕정,9999-12-31,신규 ,4,8.2,2011-12-13 00:00,2011-12-13 00:00
1324,1900-01-01,지행,9999-12-31,신규 ,5,13.8,2011-12-13 00:00,2011-12-13 00:00
1324,1900-01-01,동두천,9999-12-31,신규 ,6,14.8,2011-12-13 00:00,2011-12-13 00:00
1324,1900-01-01,보산,9999-12-31,신규 ,7,16.2,2011-12-13 00:00,2011-12-13 00:00
1324,1900-01-01,동안,9999-12-31,신규 ,8,17.8,2011-12-13 00:00,2011-12-13 00:00
1327,1900-01-01,동안,9999-12-31,신규 ,1,0,2011-12-13 00:00,2011-12-13 00:00
1327,1900-01-01,소요산,9999-12-31,신규 ,2,2.5,2011-12-13 00:00,2011-12-13 00:00
1400,1900-01-01,망우,9999-12-31,신규 ,1,0,2011-12-13 00:00,2011-12-13 00:00
1400,1900-01-01,갈매,9999-12-31,신규 ,2,4.7,2011-12-13 00:00,2011-12-13 00:00
1400,1900-01-01,퇴계원,9999-12-31,신규 ,3,7.7,2011-12-13 00:00,2011-12-13 00:00
1403,1900-01-01,퇴계원,9999-12-31,신규 ,1,0,2011-12-13 00:00,2011-12-13 00:00
1403,1900-01-01,사릉,9999-12-31,신규 ,2,3.3,2011-12-13 00:00,2011-12-13 00:00
1403,1900-01-01,금곡,9999-12-31,신규 ,3,6.9,2011-12-13 00:00,2011-12-13 00:00
1403,1900-01-01,평내,9999-12-31,신규 ,4,10.9,2011-12-13 00:00,2011-12-13 00:00
1406,1900-01-01,평내,9999-12-31,신규 ,1,0,2011-12-13 00:00,2011-12-13 00:00
1406,1900-01-01,마석,9999-12-31,신규 ,2,6.4,2011-12-13 00:00,2011-12-13 00:00
1406,1900-01-01,대성리,9999-12-31,신규 ,3,13.8,2011-12-13 00:00,2011-12-13 00:00
1406,1900-01-01,청평,9999-12-31,신규 ,4,21.3,2011-12-13 00:00,2011-12-13 00:00
1406,1900-01-01,상천,9999-12-31,신규 ,5,26.1,2011-12-13 00:00,2011-12-13 00:00
1406,1900-01-01,가평,9999-12-31,신규 ,6,33.2,2011-12-13 00:00,2011-12-13 00:00
1409,1900-01-01,가평,9999-12-31,신규 ,1,0,2011-12-13 00:00,2011-12-13 00:00
1409,1900-01-01,경강,9999-12-31,신규 ,2,4.7,2011-12-13 00:00,2011-12-13 00:00
1409,1900-01-01,백양리,9999-12-31,신규 ,3,7.6,2011-12-13 00:00,2011-12-13 00:00
1412,1900-01-01,백양리,9999-12-31,신규 ,1,0,2011-12-13 00:00,2011-12-13 00:00
1412,1900-01-01,강촌,9999-12-31,신규 ,2,5.3,2011-12-13 00:00,2011-12-13 00:00
1412,1900-01-01,신남,9999-12-31,신규 ,3,12.7,2011-12-13 00:00,2011-12-13 00:00
1412,1900-01-01,남춘천,9999-12-31,신규 ,4,18.6,2011-12-13 00:00,2011-12-13 00:00
1415,1900-01-01,남춘천,9999-12-31,신규 ,1,0,2011-12-13 00:00,2011-12-13 00:00
1415,1900-01-01,춘천,9999-12-31,신규 ,2,2.7,2011-12-13 00:00,2011-12-13 00:00
2100,1900-01-01,금정,9999-12-31,신규 ,1,0,2011-12-13 00:00,2011-12-13 00:00
2100,1900-01-01,산본,9999-12-31,신규 ,2,2.3,2011-12-13 00:00,2011-12-13 00:00
2103,1900-01-01,산본,9999-12-31,신규 ,1,0,2011-12-13 00:00,2011-12-13 00:00
2103,1900-01-01,수리산역,9999-12-31,신규 ,2,1.1,2011-12-13 00:00,2011-12-13 00:00
2103,1900-01-01,대야미,9999-12-31,신규 ,3,3.7,2011-12-13 00:00,2011-12-13 00:00
2103,1900-01-01,반월,9999-12-31,신규 ,4,5.7,2011-12-13 00:00,2011-12-13 00:00
2103,1900-01-01,상록수,9999-12-31,신규 ,5,9.4,2011-12-13 00:00,2011-12-13 00:00
2103,1900-01-01,한대앞,9999-12-31,신규 ,6,10.9,2011-12-13 00:00,2011-12-13 00:00
2103,1900-01-01,중앙,9999-12-31,신규 ,7,12.5,2011-12-13 00:00,2011-12-13 00:00
2103,1900-01-01,고잔,9999-12-31,신규 ,8,13.9,2011-12-13 00:00,2011-12-13 00:00
2103,1900-01-01,공단,9999-12-31,신규 ,9,15.4,2011-12-13 00:00,2011-12-13 00:00
2103,1900-01-01,안산,9999-12-31,신규 ,10,17.2,2011-12-13 00:00,2011-12-13 00:00
2106,1900-01-01,안산,9999-12-31,신규 ,1,0,2011-12-13 00:00,2011-12-13 00:00
2106,1900-01-01,신길온천,9999-12-31,신규 ,2,2.2,2011-12-13 00:00,2011-12-13 00:00
2106,1900-01-01,정왕,9999-12-31,신규 ,3,5.1,2011-12-13 00:00,2011-12-13 00:00
2106,1900-01-01,오이도,9999-12-31,신규 ,4,6.5,2011-12-13 00:00,2011-12-13 00:00
2300,1900-01-01,선릉,9999-12-31,신규 ,1,0,2011-12-13 00:00,2011-12-13 00:00
2300,1900-01-01,한티,9999-12-31,신규 ,2,1,2011-12-13 00:00,2011-12-13 00:00
2300,1900-01-01,도곡,9999-12-31,신규 ,3,1.7,2011-12-13 00:00,2011-12-13 00:00
2300,1900-01-01,구룡역,9999-12-31,신규 ,4,2.3,2011-12-13 00:00,2011-12-13 00:00
2300,1900-01-01,개포동,9999-12-31,신규 ,5,3,2011-12-13 00:00,2011-12-13 00:00
2300,1900-01-01,대모산입구,9999-12-31,신규 ,6,3.6,2011-12-13 00:00,2011-12-13 00:00
2300,1900-01-01,수서,9999-12-31,신규 ,7,6.6,2011-12-13 00:00,2011-12-13 00:00
2303,1900-01-01,수서,9999-12-31,신규 ,1,0,2011-12-13 00:00,2011-12-13 00:00
2303,1900-01-01,복정,9999-12-31,신규 ,2,3.2,2011-12-13 00:00,2011-12-13 00:00
2303,1900-01-01,경원대,9999-12-31,신규 ,3,5.6,2011-12-13 00:00,2011-12-13 00:00
2306,1900-01-01,경원대,9999-12-31,신규 ,1,0,2011-12-13 00:00,2011-12-13 00:00
2306,1900-01-01,태평,9999-12-31,신규 ,2,1,2011-12-13 00:00,2011-12-13 00:00
2306,1900-01-01,모란,9999-12-31,신규 ,3,1.9,2011-12-13 00:00,2011-12-13 00:00
2306,1900-01-01,야탑,9999-12-31,신규 ,4,4.2,2011-12-13 00:00,2011-12-13 00:00
2306,1900-01-01,이매,9999-12-31,신규 ,5,5.9,2011-12-13 00:00,2011-12-13 00:00
2306,1900-01-01,서현,9999-12-31,신규 ,6,7.3,2011-12-13 00:00,2011-12-13 00:00
2309,1900-01-01,서현,9999-12-31,신규 ,1,0,2011-12-13 00:00,2011-12-13 00:00
2309,1900-01-01,수내,9999-12-31,신규 ,2,1.1,2011-12-13 00:00,2011-12-13 00:00
2312,1900-01-01,수내,9999-12-31,신규 ,1,0,2011-12-13 00:00,2011-12-13 00:00
2312,1900-01-01,정자,9999-12-31,신규 ,2,1.6,2011-12-13 00:00,2011-12-13 00:00
2312,1900-01-01,미금,9999-12-31,신규 ,3,3.4,2011-12-13 00:00,2011-12-13 00:00
2312,1900-01-01,오리,9999-12-31,신규 ,4,4.5,2011-12-13 00:00,2011-12-13 00:00
2315,1900-01-01,오리,9999-12-31,신규 ,1,0,2011-12-13 00:00,2011-12-13 00:00
2315,1900-01-01,죽전,9999-12-31,신규 ,2,1.8,2011-12-13 00:00,2011-12-13 00:00
2318,1900-01-01,죽전,9999-12-31,신규 ,1,0,2011-12-13 00:00,2011-12-13 00:00
2318,1900-01-01,보정,9999-12-31,신규 ,2,0.8,2011-12-13 00:00,2011-12-13 00:00
2321,1900-01-01,죽전,9999-12-31,신규 ,1,0,2011-12-13 00:00,2011-12-13 00:00
2321,1900-01-01,분당기지,9999-12-31,신규 ,2,0.5,2011-12-13 00:00,2011-12-13 00:00
2400,1900-01-01,삼송,9999-12-31,신규 ,1,0,2011-12-13 00:00,2011-12-13 00:00
2400,1900-01-01,원당,9999-12-31,신규 ,2,5,2011-12-13 00:00,2011-12-13 00:00
2400,1900-01-01,화정,9999-12-31,신규 ,3,7.6,2011-12-13 00:00,2011-12-13 00:00
2400,1900-01-01,3대곡,9999-12-31,신규 ,4,9.7,2011-12-13 00:00,2011-12-13 00:00
2403,1900-01-01,3대곡,9999-12-31,신규 ,1,0,2011-12-13 00:00,2011-12-13 00:00
2403,1900-01-01,백석,9999-12-31,신규 ,2,2.5,2011-12-13 00:00,2011-12-13 00:00
2403,1900-01-01,마두,9999-12-31,신규 ,3,3.9,2011-12-13 00:00,2011-12-13 00:00
2403,1900-01-01,정발산,9999-12-31,신규 ,4,4.8,2011-12-13 00:00,2011-12-13 00:00
2403,1900-01-01,주엽,9999-12-31,신규 ,5,6.4,2011-12-13 00:00,2011-12-13 00:00
2403,1900-01-01,대화,9999-12-31,신규 ,6,7.8,2011-12-13 00:00,2011-12-13 00:00
9003,1900-01-01,지하서울,9999-12-31,신규 ,1,0,2011-12-13 00:00,2011-12-13 00:00
9003,1900-01-01,시청,9999-12-31,신규 ,2,1.1,2011-12-13 00:00,2011-12-13 00:00
9003,1900-01-01,종각,9999-12-31,신규 ,3,2.1,2011-12-13 00:00,2011-12-13 00:00
9003,1900-01-01,1종로3가,9999-12-31,신규 ,4,2.9,2011-12-13 00:00,2011-12-13 00:00
9003,1900-01-01,종로5가,9999-12-31,신규 ,5,3.8,2011-12-13 00:00,2011-12-13 00:00
9003,1900-01-01,1동대,9999-12-31,신규 ,6,4.6,2011-12-13 00:00,2011-12-13 00:00
9003,1900-01-01,동묘,9999-12-31,신규 ,7,5.2,2011-12-13 00:00,2011-12-13 00:00
9003,1900-01-01,신설동,9999-12-31,신규 ,8,5.9,2011-12-13 00:00,2011-12-13 00:00
9003,1900-01-01,제기동,9999-12-31,신규 ,9,6.8,2011-12-13 00:00,2011-12-13 00:00
9003,1900-01-01,1지청량리,9999-12-31,신규 ,10,7.8,2011-12-13 00:00,2011-12-13 00:00
9300,1900-01-01,삼송,9999-12-31,신규 ,1,0,2011-12-13 00:00,2011-12-13 00:00
9300,1900-01-01,3지축,9999-12-31,신규 ,2,1.7,2011-12-13 00:00,2011-12-13 00:00
9303,1900-01-01,3지축,9999-12-31,신규 ,1,0,2011-12-13 00:00,2011-12-13 00:00
9303,1900-01-01,구파발,9999-12-31,신규 ,2,1.5,2011-12-13 00:00,2011-12-13 00:00
9306,1900-01-01,구파발,9999-12-31,신규 ,1,0,2011-12-13 00:00,2011-12-13 00:00
9306,1900-01-01,연신내,9999-12-31,신규 ,2,2,2011-12-13 00:00,2011-12-13 00:00
9306,1900-01-01,불광,9999-12-31,신규 ,3,3.3,2011-12-13 00:00,2011-12-13 00:00
9306,1900-01-01,녹번,9999-12-31,신규 ,4,4.4,2011-12-13 00:00,2011-12-13 00:00
9306,1900-01-01,홍제,9999-12-31,신규 ,5,6,2011-12-13 00:00,2011-12-13 00:00
9306,1900-01-01,무악재,9999-12-31,신규 ,6,6.9,2011-12-13 00:00,2011-12-13 00:00
9306,1900-01-01,독립문,9999-12-31,신규 ,7,8,2011-12-13 00:00,2011-12-13 00:00
9306,1900-01-01,경복궁,9999-12-31,신규 ,8,9.6,2011-12-13 00:00,2011-12-13 00:00
9306,1900-01-01,안국,9999-12-31,신규 ,9,10.7,2011-12-13 00:00,2011-12-13 00:00
9306,1900-01-01,3종로3가,9999-12-31,신규 ,10,11.7,2011-12-13 00:00,2011-12-13 00:00
9306,1900-01-01,3을지로3,9999-12-31,신규 ,11,12.3,2011-12-13 00:00,2011-12-13 00:00
9306,1900-01-01,3충무로,9999-12-31,신규 ,12,13,2011-12-13 00:00,2011-12-13 00:00
9306,1900-01-01,동대입구,9999-12-31,신규 ,13,13.9,2011-12-13 00:00,2011-12-13 00:00
9306,1900-01-01,약수,9999-12-31,신규 ,14,14.6,2011-12-13 00:00,2011-12-13 00:00
9309,1900-01-01,약수,9999-12-31,신규 ,1,0,2011-12-13 00:00,2011-12-13 00:00
9309,1900-01-01,금호3,9999-12-31,신규 ,2,0.8,2011-12-13 00:00,2011-12-13 00:00
9309,1900-01-01,3옥수,9999-12-31,신규 ,3,1.6,2011-12-13 00:00,2011-12-13 00:00
9309,1900-01-01,압구정,9999-12-31,신규 ,4,3.7,2011-12-13 00:00,2011-12-13 00:00
9309,1900-01-01,신사,9999-12-31,신규 ,5,5.2,2011-12-13 00:00,2011-12-13 00:00
9309,1900-01-01,잠원,9999-12-31,신규 ,6,6.1,2011-12-13 00:00,2011-12-13 00:00
9309,1900-01-01,고속터미널,9999-12-31,신규 ,7,7.3,2011-12-13 00:00,2011-12-13 00:00
9309,1900-01-01,교대,9999-12-31,신규 ,8,8.9,2011-12-13 00:00,2011-12-13 00:00
9309,1900-01-01,남부터미널,9999-12-31,신규 ,9,9.8,2011-12-13 00:00,2011-12-13 00:00
9309,1900-01-01,양재,9999-12-31,신규 ,10,11.6,2011-12-13 00:00,2011-12-13 00:00
9309,1900-01-01,매봉,9999-12-31,신규 ,11,12.8,2011-12-13 00:00,2011-12-13 00:00
9309,1900-01-01,3도곡,9999-12-31,신규 ,12,13.7,2011-12-13 00:00,2011-12-13 00:00
9309,1900-01-01,대치,9999-12-31,신규 ,13,14.5,2011-12-13 00:00,2011-12-13 00:00
9309,1900-01-01,학여울,9999-12-31,신규 ,14,15.3,2011-12-13 00:00,2011-12-13 00:00
9309,1900-01-01,대청,9999-12-31,신규 ,15,16.2,2011-12-13 00:00,2011-12-13 00:00
9309,1900-01-01,일원,9999-12-31,신규 ,16,17.3,2011-12-13 00:00,2011-12-13 00:00
9309,1900-01-01,3수서,9999-12-31,신규 ,17,19.1,2011-12-13 00:00,2011-12-13 00:00
9312,1900-01-01,3수서,9999-12-31,신규 ,1,0,2011-12-13 00:00,2011-12-13 00:00
9312,1900-01-01,가락시장,9999-12-31,신규 ,2,1.4,2011-12-13 00:00,2011-12-13 00:00
9312,1900-01-01,경찰병원,9999-12-31,신규 ,3,2.2,2011-12-13 00:00,2011-12-13 00:00
9312,1900-01-01,오금,9999-12-31,신규 ,4,3,2011-12-13 00:00,2011-12-13 00:00
9400,1900-01-01,당고개,9999-12-31,신규 ,1,0,2011-12-13 00:00,2011-12-13 00:00
9400,1900-01-01,상계,9999-12-31,신규 ,2,1.2,2011-12-13 00:00,2011-12-13 00:00
9400,1900-01-01,노원,9999-12-31,신규 ,3,2.2,2011-12-13 00:00,2011-12-13 00:00
9400,1900-01-01,4창동,9999-12-31,신규 ,4,3.6,2011-12-13 00:00,2011-12-13 00:00
9403,1900-01-01,4창동,9999-12-31,신규 ,1,0,2011-12-13 00:00,2011-12-13 00:00
9403,1900-01-01,쌍문,9999-12-31,신규 ,2,1.3,2011-12-13 00:00,2011-12-13 00:00
9403,1900-01-01,수유,9999-12-31,신규 ,3,2.8,2011-12-13 00:00,2011-12-13 00:00
9403,1900-01-01,미아,9999-12-31,신규 ,4,4.2,2011-12-13 00:00,2011-12-13 00:00
9403,1900-01-01,미아3거리,9999-12-31,신규 ,5,5.7,2011-12-13 00:00,2011-12-13 00:00
9403,1900-01-01,길음,9999-12-31,신규 ,6,7,2011-12-13 00:00,2011-12-13 00:00
9403,1900-01-01,성신여대,9999-12-31,신규 ,7,8.4,2011-12-13 00:00,2011-12-13 00:00
9403,1900-01-01,한성대,9999-12-31,신규 ,8,9.4,2011-12-13 00:00,2011-12-13 00:00
9406,1900-01-01,한성대,9999-12-31,신규 ,1,0,2011-12-13 00:00,2011-12-13 00:00
9406,1900-01-01,혜화,9999-12-31,신규 ,2,0.9,2011-12-13 00:00,2011-12-13 00:00
9406,1900-01-01,4동대,9999-12-31,신규 ,3,2.4,2011-12-13 00:00,2011-12-13 00:00
9406,1900-01-01,4동운동장,9999-12-31,신규 ,4,3.1,2011-12-13 00:00,2011-12-13 00:00
9406,1900-01-01,4충무로,9999-12-31,신규 ,5,4.4,2011-12-13 00:00,2011-12-13 00:00
9406,1900-01-01,명동,9999-12-31,신규 ,6,5.1,2011-12-13 00:00,2011-12-13 00:00
9406,1900-01-01,회현,9999-12-31,신규 ,7,5.8,2011-12-13 00:00,2011-12-13 00:00
9406,1900-01-01,4서울,9999-12-31,신규 ,8,6.7,2011-12-13 00:00,2011-12-13 00:00
9409,1900-01-01,4서울,9999-12-31,신규 ,1,0,2011-12-13 00:00,2011-12-13 00:00
9409,1900-01-01,숙대입구,9999-12-31,신규 ,2,1,2011-12-13 00:00,2011-12-13 00:00
9409,1900-01-01,삼각지,9999-12-31,신규 ,3,2.2,2011-12-13 00:00,2011-12-13 00:00
9412,1900-01-01,삼각지,9999-12-31,신규 ,1,0,2011-12-13 00:00,2011-12-13 00:00
9412,1900-01-01,신용산,9999-12-31,신규 ,2,0.7,2011-12-13 00:00,2011-12-13 00:00
9412,1900-01-01,4이촌,9999-12-31,신규 ,3,2,2011-12-13 00:00,2011-12-13 00:00
9412,1900-01-01,동작,9999-12-31,신규 ,4,4.7,2011-12-13 00:00,2011-12-13 00:00
9412,1900-01-01,총신대,9999-12-31,신규 ,5,6.5,2011-12-13 00:00,2011-12-13 00:00
9412,1900-01-01,사당,9999-12-31,신규 ,6,7.6,2011-12-13 00:00,2011-12-13 00:00
9415,1900-01-01,사당,9999-12-31,신규 ,1,0,2011-12-13 00:00,2011-12-13 00:00
9415,1900-01-01,남태령,9999-12-31,신규 ,2,1.6,2011-12-13 00:00,2011-12-13 00:00
9418,1900-01-01,금정,9999-12-31,신규 ,1,0,2011-12-13 00:00,2011-12-13 00:00
9418,1900-01-01,범계,9999-12-31,신규 ,2,2.6,2011-12-13 00:00,2011-12-13 00:00
9418,1900-01-01,평촌동,9999-12-31,신규 ,3,3.9,2011-12-13 00:00,2011-12-13 00:00
9418,1900-01-01,인덕원,9999-12-31,신규 ,4,5.5,2011-12-13 00:00,2011-12-13 00:00
9418,1900-01-01,과천청사,9999-12-31,신규 ,5,8.5,2011-12-13 00:00,2011-12-13 00:00
9418,1900-01-01,과천,9999-12-31,신규 ,6,9.5,2011-12-13 00:00,2011-12-13 00:00
9418,1900-01-01,대공원,9999-12-31,신규 ,7,10.5,2011-12-13 00:00,2011-12-13 00:00
9418,1900-01-01,경마공원,9999-12-31,신규 ,8,11.4,2011-12-13 00:00,2011-12-13 00:00
9418,1900-01-01,선바위,9999-12-31,신규 ,9,12.4,2011-12-13 00:00,2011-12-13 00:00
9418,1900-01-01,남태령,9999-12-31,신규 ,10,14.4,2011-12-13 00:00,2011-12-13 00:00
A100,1900-01-01,구로,9999-12-31,신규 ,1,0,2011-12-13 00:00,2011-12-13 00:00
A100,1900-01-01,구로차량,9999-12-31,신규 ,2,1.4,2011-12-13 00:00,2011-12-13 00:00
H100,1900-01-01,광명,9999-12-31,신규 ,1,0,2011-12-13 00:00,2011-12-13 00:00
H100,1900-01-01,시흥,9999-12-31,신규 ,2,4.7,2011-12-13 00:00,2011-12-13 00:00
HH00,1900-01-01,광명,9999-12-31,신규 ,1,0,2011-12-13 00:00,2011-12-13 00:00
HH00,1900-01-01,광명기지,9999-12-31,신규 ,2,1.7,2011-12-13 00:00,2011-12-13 00:00
1P00,1900-01-01,문산,9999-12-31,신규 ,1,0,2011-12-13 00:00,2011-12-13 00:00
1P00,1900-01-01,문산차,9999-12-31,신규 ,2,2,2011-12-13 00:00,2011-12-13 00:00
1G00,1900-01-01,병점,9999-12-31,신규 ,1,0,2011-12-13 00:00,2011-12-13 00:00
1G00,1900-01-01,병점차,9999-12-31,신규 ,2,1.4,2011-12-13 00:00,2011-12-13 00:00
1Q00,1900-01-01,병점,9999-12-31,신규 ,1,0,2011-12-13 00:00,2011-12-13 00:00
1Q00,1900-01-01,서동탄,9999-12-31,신규 ,2,2.2,2011-12-13 00:00,2011-12-13 00:00
A300,1900-01-01,성북차분,9999-12-31,신규 ,1,0,2011-12-13 00:00,2011-12-13 00:00
A300,1900-01-01,성북,9999-12-31,신규 ,2,0,2011-12-13 00:00,2011-12-13 00:00
B200,1900-01-01,오이도,9999-12-31,신규 ,1,0,2011-12-13 00:00,2011-12-13 00:00
B200,1900-01-01,시흥기지,9999-12-31,신규 ,2,2,2011-12-13 00:00,2011-12-13 00:00
1J00,1900-01-01,성북,9999-12-31,신규 ,1,0,2011-12-13 00:00,2011-12-13 00:00
1J00,1900-01-01,이문차,9999-12-31,신규 ,2,2,2011-12-13 00:00,2011-12-13 00:00
1R00,1900-01-01,평내,9999-12-31,신규 ,1,0,2011-12-13 00:00,2011-12-13 00:00
1R00,1900-01-01,평내기지,9999-12-31,신규 ,2,2.5,2011-12-13 00:00,2011-12-13 00:00
2900,1900-01-01,삼송,9999-12-31,신규 ,1,0,2011-12-13 00:00,2011-12-13 00:00
2900,1900-01-01,지축기지,9999-12-31,신규 ,2,1.4,2011-12-13 00:00,2011-12-13 00:00
2903,1900-01-01,구파발,9999-12-31,신규 ,1,0,2011-12-13 00:00,2011-12-13 00:00
2903,1900-01-01,지축기지,9999-12-31,신규 ,2,2.2,2011-12-13 00:00,2011-12-13 00:00
B100,1900-01-01,4창동,9999-12-31,신규 ,1,0,2011-12-13 00:00,2011-12-13 00:00
B100,1900-01-01,창동기지,9999-12-31,신규 ,2,0.8,2011-12-13 00:00,2011-12-13 00:00
